;ano;retention;regiao_saude
0;2014-01;0.4;12002
1;2015-01;0.7;12002
2;2016-01;0.7;12002
3;2017-01;0.7;12002
4;2018-01;0.7999999999999999;12002
5;2019-01;0.6333333333333333;12002
6;2020-01;0.675;12002
7;2021-01;0.675;12002
8;2022-01;0.875;12002
9;2023-01;0.8333333333333334;12002
10;2024-01;1.0;12002
0;2014-01;0.8333333333333334;27007
1;2015-01;0.8666666666666666;27007
2;2016-01;1.0;27007
3;2017-01;1.0;27007
4;2018-01;1.0;27007
5;2019-01;0.9166666666666666;27007
6;2020-01;0.6333333333333333;27007
7;2021-01;0.7;27007
8;2022-01;0.7666666666666666;27007
9;2023-01;0.8666666666666666;27007
10;2024-01;0.8333333333333334;27007
0;2014-01;0.8875;27001
1;2015-01;0.8766666666666667;27001
2;2016-01;0.9166666666666666;27001
3;2017-01;0.9166666666666666;27001
4;2018-01;0.9166666666666666;27001
5;2019-01;0.9166666666666666;27001
6;2020-01;0.9166666666666666;27001
7;2021-01;0.95;27001
8;2022-01;0.9099999999999999;27001
9;2023-01;0.96;27001
10;2024-01;0.9377777777777778;27001
0;2014-01;0.75;13001
1;2015-01;0.7333333333333333;13001
2;2016-01;0.6916666666666667;13001
3;2017-01;0.8166666666666667;13001
4;2018-01;0.8166666666666667;13001
5;2019-01;0.8833333333333334;13001
6;2020-01;0.8166666666666667;13001
7;2021-01;0.8711111111111111;13001
8;2022-01;0.8133333333333332;13001
9;2023-01;0.8577777777777778;13001
10;2024-01;0.8533333333333333;13001
0;2014-01;;23004
1;2015-01;;23004
2;2016-01;;23004
3;2017-01;;23004
4;2018-01;;23004
5;2019-01;;23004
6;2020-01;;23004
7;2021-01;;23004
8;2022-01;;23004
9;2023-01;;23004
10;2024-01;;23004
0;2014-01;0.9603174603174602;23001
1;2015-01;0.9638888888888889;23001
2;2016-01;0.9216666666666666;23001
3;2017-01;0.975;23001
4;2018-01;0.9568181818181818;23001
5;2019-01;0.8454545454545455;23001
6;2020-01;0.9;23001
7;2021-01;0.9;23001
8;2022-01;0.96;23001
9;2023-01;0.96;23001
10;2024-01;0.9092063492063491;23001
0;2014-01;;23013
1;2015-01;;23013
2;2016-01;;23013
3;2017-01;;23013
4;2018-01;;23013
5;2019-01;;23013
6;2020-01;;23013
7;2021-01;;23013
8;2022-01;;23013
9;2023-01;;23013
10;2024-01;;23013
0;2014-01;1.0;23021
1;2015-01;1.0;23021
2;2016-01;1.0;23021
3;2017-01;0.8333333333333333;23021
4;2018-01;0.8055555555555555;23021
5;2019-01;0.7222222222222222;23021
6;2020-01;0.7916666666666666;23021
7;2021-01;0.7916666666666666;23021
8;2022-01;0.9375;23021
9;2023-01;0.875;23021
10;2024-01;0.875;23021
0;2014-01;;23022
1;2015-01;;23022
2;2016-01;;23022
3;2017-01;;23022
4;2018-01;;23022
5;2019-01;;23022
6;2020-01;;23022
7;2021-01;;23022
8;2022-01;;23022
9;2023-01;;23022
10;2024-01;;23022
0;2014-01;0.8055555555555555;23011
1;2015-01;0.7916666666666666;23011
2;2016-01;0.7916666666666666;23011
3;2017-01;0.7777777777777777;23011
4;2018-01;0.8333333333333333;23011
5;2019-01;0.8333333333333333;23011
6;2020-01;0.8888888888888888;23011
7;2021-01;0.9166666666666666;23011
8;2022-01;0.8333333333333334;23011
9;2023-01;0.875;23011
10;2024-01;0.75;23011
0;2014-01;0.6976190476190476;32002
1;2015-01;0.7833333333333334;32002
2;2016-01;0.7766666666666666;32002
3;2017-01;0.9099999999999999;32002
4;2018-01;0.9199999999999999;32002
5;2019-01;0.8866666666666667;32002
6;2020-01;0.8266666666666665;32002
7;2021-01;0.9;32002
8;2022-01;0.9666666666666666;32002
9;2023-01;0.9583333333333334;32002
10;2024-01;0.9583333333333334;32002
0;2014-01;1.0;32004
1;2015-01;1.0;32004
2;2016-01;1.0;32004
3;2017-01;1.0;32004
4;2018-01;1.0;32004
5;2019-01;1.0;32004
6;2020-01;1.0;32004
7;2021-01;1.0;32004
8;2022-01;1.0;32004
9;2023-01;1.0;32004
10;2024-01;1.0;32004
0;2014-01;1.0;32005
1;2015-01;1.0;32005
2;2016-01;1.0;32005
3;2017-01;1.0;32005
4;2018-01;1.0;32005
5;2019-01;1.0;32005
6;2020-01;0.41666666666666663;32005
7;2021-01;0.611111111111111;32005
8;2022-01;0.7083333333333334;32005
9;2023-01;0.8333333333333334;32005
10;2024-01;0.8666666666666666;32005
0;2014-01;0.85;21016
1;2015-01;0.9;21016
2;2016-01;0.9;21016
3;2017-01;0.9;21016
4;2018-01;0.9;21016
5;2019-01;0.9333333333333332;21016
6;2020-01;0.9333333333333332;21016
7;2021-01;0.9333333333333333;21016
8;2022-01;1.0;21016
9;2023-01;1.0;21016
10;2024-01;1.0;21016
0;2014-01;0.9017814567814568;31016
1;2015-01;0.8105122655122654;31016
2;2016-01;0.8079100529100529;31016
3;2017-01;0.7771296296296296;31016
4;2018-01;0.7766666666666666;31016
5;2019-01;0.780547619047619;31016
6;2020-01;0.7580320197044335;31016
7;2021-01;0.7861370015800725;31016
8;2022-01;0.7589439538990612;31016
9;2023-01;0.7760675558447192;31016
10;2024-01;0.8365266556258749;31016
0;2014-01;1.0;31001
1;2015-01;1.0;31001
2;2016-01;1.0;31001
3;2017-01;1.0;31001
4;2018-01;1.0;31001
5;2019-01;1.0;31001
6;2020-01;0.75;31001
7;2021-01;0.8333333333333334;31001
8;2022-01;0.875;31001
9;2023-01;0.875;31001
10;2024-01;0.875;31001
0;2014-01;0.8074624226348364;31037
1;2015-01;0.9007957559681697;31037
2;2016-01;0.9007957559681697;31037
3;2017-01;0.993103448275862;31037
4;2018-01;0.8781609195402298;31037
5;2019-01;0.9333333333333332;31037
6;2020-01;0.7;31037
7;2021-01;0.8;31037
8;2022-01;0.8666666666666666;31037
9;2023-01;0.9333333333333332;31037
10;2024-01;0.8647619047619047;31037
0;2014-01;1.0;31031
1;2015-01;1.0;31031
2;2016-01;1.0;31031
3;2017-01;1.0;31031
4;2018-01;1.0;31031
5;2019-01;1.0;31031
6;2020-01;1.0;31031
7;2021-01;1.0;31031
8;2022-01;1.0;31031
9;2023-01;1.0;31031
10;2024-01;1.0;31031
0;2014-01;1.0;31004
1;2015-01;1.0;31004
2;2016-01;1.0;31004
3;2017-01;1.0;31004
4;2018-01;;31004
5;2019-01;1.0;31004
6;2020-01;1.0;31004
7;2021-01;1.0;31004
8;2022-01;1.0;31004
9;2023-01;1.0;31004
10;2024-01;1.0;31004
0;2016-01;1.0;31059
1;2017-01;1.0;31059
2;2018-01;1.0;31059
3;2019-01;1.0;31059
4;2020-01;1.0;31059
5;2021-01;1.0;31059
6;2022-01;1.0;31059
7;2023-01;1.0;31059
8;2024-01;1.0;31059
0;2014-01;1.0;31003
1;2015-01;1.0;31003
2;2016-01;1.0;31003
3;2017-01;1.0;31003
4;2018-01;1.0;31003
5;2019-01;1.0;31003
6;2020-01;0.7777777777777777;31003
7;2021-01;0.7777777777777777;31003
8;2022-01;0.8333333333333333;31003
9;2023-01;0.8333333333333333;31003
10;2024-01;0.8666666666666666;31003
0;2014-01;1.0;31057
1;2015-01;0.8333333333333334;31057
2;2016-01;0.8333333333333334;31057
3;2017-01;0.875;31057
4;2018-01;0.9;31057
5;2019-01;0.9;31057
6;2020-01;0.875;31057
7;2021-01;0.7666666666666666;31057
8;2022-01;0.8666666666666666;31057
9;2023-01;0.8333333333333334;31057
10;2024-01;1.0;31057
0;2014-01;0.875;31006
1;2015-01;0.875;31006
2;2016-01;0.8;31006
3;2017-01;0.9;31006
4;2018-01;0.9;31006
5;2019-01;0.9;31006
6;2020-01;0.9;31006
7;2021-01;0.9;31006
8;2022-01;1.0;31006
9;2023-01;1.0;31006
10;2024-01;1.0;31006
0;2014-01;0.8;31092
1;2015-01;0.9;31092
2;2016-01;0.9;31092
3;2017-01;0.9;31092
4;2018-01;1.0;31092
5;2019-01;1.0;31092
6;2020-01;1.0;31092
7;2021-01;0.9;31092
8;2022-01;0.9;31092
9;2023-01;0.9;31092
10;2024-01;0.9;31092
0;2014-01;1.0;31024
1;2015-01;1.0;31024
2;2016-01;1.0;31024
3;2017-01;1.0;31024
4;2018-01;1.0;31024
5;2019-01;0.65625;31024
6;2020-01;0.75;31024
7;2021-01;0.8;31024
8;2022-01;0.7333333333333333;31024
9;2023-01;0.7333333333333333;31024
10;2024-01;0.7333333333333333;31024
0;2014-01;1.0;31099
1;2015-01;1.0;31099
2;2016-01;0.8333333333333334;31099
3;2017-01;0.8333333333333334;31099
4;2018-01;1.0;31099
5;2019-01;1.0;31099
6;2020-01;1.0;31099
7;2021-01;1.0;31099
8;2022-01;1.0;31099
9;2023-01;1.0;31099
10;2024-01;1.0;31099
0;2014-01;0.5075757575757576;31075
1;2015-01;0.5909090909090909;31075
2;2016-01;0.6931818181818181;31075
3;2017-01;0.875;31075
4;2018-01;1.0;31075
5;2019-01;0.8541666666666666;31075
6;2020-01;0.7916666666666666;31075
7;2021-01;0.8333333333333333;31075
8;2022-01;0.8333333333333334;31075
9;2023-01;0.8400000000000001;31075
10;2024-01;0.9400000000000001;31075
0;2014-01;1.0;31086
1;2015-01;1.0;31086
2;2016-01;1.0;31086
3;2017-01;1.0;31086
4;2018-01;0.6666666666666666;31086
5;2019-01;0.75;31086
6;2020-01;0.75;31086
7;2021-01;0.8125;31086
8;2022-01;0.95;31086
9;2023-01;0.95;31086
10;2024-01;0.95;31086
0;2016-01;1.0;31002
1;2017-01;;31002
2;2018-01;;31002
3;2019-01;;31002
4;2020-01;;31002
5;2021-01;;31002
6;2022-01;;31002
7;2023-01;1.0;31002
8;2024-01;1.0;31002
0;2014-01;1.0;31022
1;2015-01;1.0;31022
2;2016-01;1.0;31022
3;2017-01;;31022
4;2018-01;1.0;31022
5;2019-01;1.0;31022
6;2020-01;;31022
7;2021-01;1.0;31022
8;2022-01;1.0;31022
9;2023-01;1.0;31022
10;2024-01;1.0;31022
0;2014-01;1.0;31007
1;2015-01;1.0;31007
2;2016-01;1.0;31007
3;2017-01;1.0;31007
4;2018-01;1.0;31007
5;2019-01;1.0;31007
6;2020-01;1.0;31007
7;2021-01;1.0;31007
8;2022-01;1.0;31007
9;2023-01;1.0;31007
10;2024-01;1.0;31007
0;2024-01;;31052
0;2022-01;1.0;31023
1;2023-01;1.0;31023
2;2024-01;1.0;31023
0;2014-01;1.0;31097
1;2015-01;1.0;31097
2;2016-01;1.0;31097
3;2017-01;1.0;31097
4;2018-01;1.0;31097
5;2019-01;1.0;31097
6;2020-01;1.0;31097
7;2021-01;1.0;31097
8;2022-01;0.9666666666666668;31097
9;2023-01;0.9666666666666666;31097
10;2024-01;0.9;31097
0;2023-01;1.0;31025
1;2024-01;1.0;31025
0;2014-01;1.0;31044
1;2015-01;1.0;31044
2;2016-01;1.0;31044
3;2017-01;1.0;31044
4;2018-01;;31044
5;2019-01;1.0;31044
6;2020-01;1.0;31044
7;2021-01;1.0;31044
8;2022-01;1.0;31044
9;2023-01;1.0;31044
10;2024-01;1.0;31044
0;2014-01;0.7222222222222222;31017
1;2015-01;0.8888888888888888;31017
2;2016-01;0.6481481481481481;31017
3;2017-01;0.7083333333333334;31017
4;2018-01;0.7666666666666667;31017
5;2019-01;0.9;31017
6;2020-01;0.9;31017
7;2021-01;0.9692307692307693;31017
8;2022-01;0.9846153846153847;31017
9;2023-01;0.9358974358974359;31017
10;2024-01;0.8975641025641025;31017
0;2014-01;0.9444444444444444;31084
1;2015-01;1.0;31084
2;2016-01;1.0;31084
3;2017-01;0.9333333333333332;31084
4;2018-01;0.8333333333333333;31084
5;2019-01;0.7333333333333333;31084
6;2020-01;0.6666666666666666;31084
7;2021-01;0.6666666666666666;31084
8;2022-01;0.8333333333333334;31084
9;2023-01;0.875;31084
10;2024-01;0.95;31084
0;2014-01;1.0;31072
1;2015-01;1.0;31072
2;2016-01;1.0;31072
3;2017-01;1.0;31072
4;2018-01;1.0;31072
5;2019-01;0.9;31072
6;2020-01;0.875;31072
7;2021-01;0.875;31072
8;2022-01;0.8333333333333334;31072
9;2023-01;0.8333333333333334;31072
10;2024-01;0.8333333333333334;31072
0;2014-01;0.6666666666666667;50001
1;2015-01;0.7;50001
2;2016-01;0.7083333333333334;50001
3;2017-01;0.7916666666666666;50001
4;2018-01;0.8333333333333333;50001
5;2019-01;0.8133333333333332;50001
6;2020-01;0.7847619047619048;50001
7;2021-01;0.8014285714285714;50001
8;2022-01;0.8814285714285715;50001
9;2023-01;0.8099999999999999;50001
10;2024-01;0.77;50001
0;2014-01;0.9;50003
1;2015-01;0.9;50003
2;2016-01;1.0;50003
3;2017-01;1.0;50003
4;2018-01;1.0;50003
5;2019-01;1.0;50003
6;2020-01;1.0;50003
7;2021-01;1.0;50003
8;2022-01;1.0;50003
9;2023-01;1.0;50003
10;2024-01;0.95;50003
0;2014-01;0.611111111111111;50004
1;2015-01;0.6666666666666666;50004
2;2016-01;0.75;50004
3;2017-01;0.875;50004
4;2018-01;0.75;50004
5;2019-01;0.8333333333333334;50004
6;2020-01;1.0;50004
7;2021-01;0.6666666666666666;50004
8;2022-01;0.75;50004
9;2023-01;0.75;50004
10;2024-01;0.75;50004
0;2014-01;0.7566666666666666;15006
1;2015-01;0.8066666666666666;15006
2;2016-01;0.6733333333333333;15006
3;2017-01;0.8066666666666666;15006
4;2018-01;0.9133333333333333;15006
5;2019-01;0.8666666666666666;15006
6;2020-01;0.8666666666666666;15006
7;2021-01;0.8066666666666666;15006
8;2022-01;0.8266666666666668;15006
9;2023-01;0.8733333333333334;15006
10;2024-01;0.7133333333333333;15006
0;2014-01;1.0;15003
1;2015-01;1.0;15003
2;2016-01;1.0;15003
3;2017-01;1.0;15003
4;2018-01;1.0;15003
5;2019-01;1.0;15003
6;2020-01;1.0;15003
7;2021-01;1.0;15003
8;2022-01;1.0;15003
9;2023-01;0.8333333333333334;15003
10;2024-01;1.0;15003
0;2014-01;0.8333333333333334;15002
1;2015-01;0.8333333333333334;15002
2;2016-01;0.8333333333333334;15002
3;2017-01;0.8333333333333334;15002
4;2018-01;0.75;15002
5;2019-01;0.8333333333333334;15002
6;2020-01;0.875;15002
7;2021-01;0.75;15002
8;2022-01;0.8333333333333334;15002
9;2023-01;0.8333333333333334;15002
10;2024-01;0.8333333333333334;15002
0;2014-01;;25002
1;2015-01;1.0;25002
2;2016-01;;25002
3;2017-01;;25002
4;2018-01;;25002
5;2019-01;;25002
6;2020-01;;25002
7;2021-01;;25002
8;2022-01;;25002
9;2023-01;;25002
10;2024-01;;25002
0;2014-01;0.78125;25001
1;2015-01;0.6666666666666666;25001
2;2016-01;0.8541666666666666;25001
3;2017-01;0.7333333333333333;25001
4;2018-01;0.76;25001
5;2019-01;0.76;25001
6;2020-01;0.7875;25001
7;2021-01;0.7666666666666666;25001
8;2022-01;0.7161904761904763;25001
9;2023-01;0.8361904761904763;25001
10;2024-01;0.7445238095238096;25001
0;2014-01;0.9333333333333332;26003
1;2015-01;0.875;26003
2;2016-01;0.8333333333333334;26003
3;2017-01;0.875;26003
4;2018-01;0.9629629629629629;26003
5;2019-01;1.0;26003
6;2020-01;1.0;26003
7;2021-01;0.8222222222222223;26003
8;2022-01;0.8166666666666667;26003
9;2023-01;0.8433333333333334;26003
10;2024-01;0.8041666666666667;26003
0;2014-01;0.8841062801932367;26010
1;2015-01;0.8887193973634652;26010
2;2016-01;0.9029668260176734;26010
3;2017-01;0.8827728885991597;26010
4;2018-01;0.8157731421121251;26010
5;2019-01;0.6286088657105606;26010
6;2020-01;0.5503326792255364;26010
7;2021-01;0.5117903726708074;26010
8;2022-01;0.509181455190772;26010
9;2023-01;0.5555708370304644;26010
10;2024-01;0.6278724019251969;26010
0;2023-01;1.0;22011
1;2024-01;;22011
0;2014-01;0.8328282828282829;41002
1;2015-01;0.8106060606060606;41002
2;2016-01;0.8325396825396826;41002
3;2017-01;0.8253174603174603;41002
4;2018-01;0.8117460317460317;41002
5;2019-01;0.8361904761904763;41002
6;2020-01;0.8728571428571428;41002
7;2021-01;0.8657142857142859;41002
8;2022-01;0.8823809523809525;41002
9;2023-01;0.916996336996337;41002
10;2024-01;0.9303296703296704;41002
0;2014-01;0.8333333333333334;41010
1;2015-01;0.8666666666666666;41010
2;2016-01;1.0;41010
3;2017-01;1.0;41010
4;2018-01;0.8166666666666667;41010
5;2019-01;0.8666666666666666;41010
6;2020-01;0.7166666666666667;41010
7;2021-01;0.85;41010
8;2022-01;0.75;41010
9;2023-01;0.85;41010
10;2024-01;0.9;41010
0;2014-01;0.7361111111111112;41015
1;2015-01;0.875;41015
2;2016-01;0.7916666666666666;41015
3;2017-01;0.75;41015
4;2018-01;0.75;41015
5;2019-01;0.8;41015
6;2020-01;0.9;41015
7;2021-01;0.9;41015
8;2022-01;0.9;41015
9;2023-01;1.0;41015
10;2024-01;1.0;41015
0;2014-01;1.0;41008
1;2015-01;1.0;41008
2;2016-01;1.0;41008
3;2017-01;1.0;41008
4;2018-01;1.0;41008
5;2019-01;1.0;41008
6;2020-01;1.0;41008
7;2021-01;1.0;41008
8;2022-01;1.0;41008
9;2023-01;1.0;41008
10;2024-01;1.0;41008
0;2014-01;0.7666666666666666;41017
1;2015-01;0.8333333333333334;41017
2;2016-01;0.9333333333333333;41017
3;2017-01;0.95;41017
4;2018-01;0.95;41017
5;2019-01;1.0;41017
6;2020-01;1.0;41017
7;2021-01;0.9800000000000001;41017
8;2022-01;0.9800000000000001;41017
9;2023-01;0.9577777777777777;41017
10;2024-01;0.8022222222222222;41017
0;2014-01;0.5;41014
1;2015-01;1.0;41014
2;2016-01;1.0;41014
3;2017-01;1.0;41014
4;2018-01;1.0;41014
5;2019-01;1.0;41014
6;2020-01;1.0;41014
7;2021-01;1.0;41014
8;2022-01;1.0;41014
9;2023-01;1.0;41014
10;2024-01;1.0;41014
0;2021-01;1.0;41018
1;2022-01;1.0;41018
2;2023-01;1.0;41018
3;2024-01;1.0;41018
0;2014-01;1.0;41005
1;2015-01;1.0;41005
2;2016-01;1.0;41005
3;2017-01;1.0;41005
4;2018-01;1.0;41005
5;2019-01;1.0;41005
6;2020-01;1.0;41005
7;2021-01;1.0;41005
8;2022-01;1.0;41005
9;2023-01;1.0;41005
10;2024-01;1.0;41005
0;2014-01;1.0;41007
1;2015-01;1.0;41007
2;2016-01;1.0;41007
3;2017-01;1.0;41007
4;2018-01;1.0;41007
5;2019-01;1.0;41007
6;2020-01;1.0;41007
7;2021-01;1.0;41007
8;2022-01;1.0;41007
9;2023-01;1.0;41007
10;2024-01;1.0;41007
0;2019-01;1.0;41001
1;2020-01;1.0;41001
2;2021-01;1.0;41001
3;2022-01;1.0;41001
4;2023-01;1.0;41001
5;2024-01;1.0;41001
0;2014-01;0.9166666666666666;41003
1;2015-01;0.9333333333333332;41003
2;2016-01;0.8666666666666666;41003
3;2017-01;0.8666666666666666;41003
4;2018-01;0.8666666666666666;41003
5;2019-01;0.8666666666666666;41003
6;2020-01;0.8333333333333334;41003
7;2021-01;0.95;41003
8;2022-01;0.95;41003
9;2023-01;0.95;41003
10;2024-01;1.0;41003
0;2014-01;0.5;41011
1;2015-01;0.5;41011
2;2016-01;0.5;41011
3;2017-01;0.5;41011
4;2018-01;0.5;41011
5;2019-01;0.75;41011
6;2020-01;0.75;41011
7;2021-01;0.8333333333333334;41011
8;2022-01;0.8333333333333334;41011
9;2023-01;0.75;41011
10;2024-01;0.75;41011
0;2014-01;1.0;41020
1;2015-01;1.0;41020
2;2016-01;1.0;41020
3;2017-01;1.0;41020
4;2018-01;1.0;41020
5;2019-01;1.0;41020
6;2020-01;0.9;41020
7;2021-01;0.9333333333333332;41020
8;2022-01;0.8666666666666667;41020
9;2023-01;0.8666666666666667;41020
10;2024-01;0.8666666666666667;41020
0;2014-01;1.0;41006
1;2015-01;1.0;41006
2;2016-01;1.0;41006
3;2017-01;1.0;41006
4;2018-01;1.0;41006
5;2019-01;1.0;41006
6;2020-01;1.0;41006
7;2021-01;1.0;41006
8;2022-01;1.0;41006
9;2023-01;1.0;41006
10;2024-01;1.0;41006
0;2014-01;0.75;14001
1;2015-01;0.8333333333333334;14001
2;2016-01;0.8333333333333334;14001
3;2017-01;0.8333333333333334;14001
4;2018-01;0.875;14001
5;2019-01;0.875;14001
6;2020-01;0.9;14001
7;2021-01;0.9;14001
8;2022-01;0.9;14001
9;2023-01;0.875;14001
10;2024-01;0.9;14001
0;2014-01;1.0;43014
1;2015-01;1.0;43014
2;2016-01;1.0;43014
3;2017-01;1.0;43014
4;2018-01;0.9166666666666666;43014
5;2019-01;0.9166666666666666;43014
6;2020-01;0.9166666666666666;43014
7;2021-01;0.8333333333333334;43014
8;2022-01;1.0;43014
9;2023-01;1.0;43014
10;2024-01;1.0;43014
0;2014-01;1.0;43027
1;2015-01;1.0;43027
2;2016-01;0.875;43027
3;2017-01;0.9;43027
4;2018-01;0.85;43027
5;2019-01;0.85;43027
6;2020-01;0.75;43027
7;2021-01;0.75;43027
8;2022-01;0.75;43027
9;2023-01;0.75;43027
10;2024-01;0.75;43027
0;2014-01;0.8;43004
1;2015-01;0.2;43004
2;2016-01;0.8666666666666667;43004
3;2017-01;0.9;43004
4;2018-01;0.9;43004
5;2019-01;0.9;43004
6;2020-01;0.9;43004
7;2021-01;1.0;43004
8;2022-01;1.0;43004
9;2023-01;1.0;43004
10;2024-01;1.0;43004
0;2014-01;0.9285714285714286;43023
1;2015-01;0.9375;43023
2;2016-01;0.8875;43023
3;2017-01;0.7933333333333333;43023
4;2018-01;0.7533333333333333;43023
5;2019-01;0.6466666666666667;43023
6;2020-01;0.6566666666666666;43023
7;2021-01;0.7233333333333334;43023
8;2022-01;0.7733333333333333;43023
9;2023-01;0.8333333333333334;43023
10;2024-01;0.9;43023
0;2014-01;0.513095238095238;43001
1;2015-01;0.5375;43001
2;2016-01;0.5430555555555556;43001
3;2017-01;0.6344444444444445;43001
4;2018-01;0.7011111111111111;43001
5;2019-01;0.7638888888888888;43001
6;2020-01;0.625;43001
7;2021-01;0.65;43001
8;2022-01;0.6;43001
9;2023-01;0.75;43001
10;2024-01;0.8;43001
0;2014-01;0.7056833259619637;43010
1;2015-01;0.7435824856258293;43010
2;2016-01;0.6699719887955182;43010
3;2017-01;0.6233484162895928;43010
4;2018-01;0.6851131221719456;43010
5;2019-01;0.7908974358974359;43010
6;2020-01;0.823397435897436;43010
7;2021-01;0.8733974358974359;43010
8;2022-01;0.8875;43010
9;2023-01;0.8699999999999999;43010
10;2024-01;0.6977591036414565;43010
0;2014-01;1.0;43008
1;2015-01;0.9199999999999999;43008
2;2016-01;0.8375;43008
3;2017-01;0.75;43008
4;2018-01;0.6125;43008
5;2019-01;0.6208333333333333;43008
6;2020-01;0.575;43008
7;2021-01;0.725;43008
8;2022-01;0.6333333333333333;43008
9;2023-01;0.7733333333333333;43008
10;2024-01;0.9333333333333332;43008
0;2014-01;0.8375;43017
1;2015-01;0.8699999999999999;43017
2;2016-01;0.9199999999999999;43017
3;2017-01;0.9333333333333332;43017
4;2018-01;0.9333333333333332;43017
5;2019-01;0.8933333333333333;43017
6;2020-01;0.8933333333333333;43017
7;2021-01;0.8933333333333333;43017
8;2022-01;0.96;43017
9;2023-01;1.0;43017
10;2024-01;1.0;43017
0;2014-01;1.0;43028
1;2015-01;1.0;43028
2;2016-01;0.9821428571428572;43028
3;2017-01;0.9821428571428572;43028
4;2018-01;0.9821428571428572;43028
5;2019-01;0.9821428571428572;43028
6;2020-01;0.9857142857142858;43028
7;2021-01;1.0;43028
8;2022-01;1.0;43028
9;2023-01;1.0;43028
10;2024-01;0.875;43028
0;2014-01;0.725;43007
1;2015-01;0.75;43007
2;2016-01;0.8;43007
3;2017-01;0.75;43007
4;2018-01;0.75;43007
5;2019-01;0.875;43007
6;2020-01;0.75;43007
7;2021-01;0.875;43007
8;2022-01;0.9;43007
9;2023-01;0.9;43007
10;2024-01;0.95;43007
0;2014-01;1.0;43005
1;2015-01;1.0;43005
2;2016-01;1.0;43005
3;2017-01;1.0;43005
4;2018-01;1.0;43005
5;2019-01;1.0;43005
6;2020-01;1.0;43005
7;2021-01;1.0;43005
8;2022-01;1.0;43005
9;2023-01;1.0;43005
10;2024-01;;43005
0;2014-01;1.0;43016
1;2015-01;1.0;43016
2;2016-01;1.0;43016
3;2017-01;1.0;43016
4;2018-01;1.0;43016
5;2019-01;1.0;43016
6;2020-01;1.0;43016
7;2021-01;1.0;43016
8;2022-01;1.0;43016
9;2023-01;1.0;43016
10;2024-01;1.0;43016
0;2023-01;1.0;43026
1;2024-01;1.0;43026
0;2014-01;0.8125;43029
1;2015-01;0.875;43029
2;2016-01;0.8333333333333334;43029
3;2017-01;0.8333333333333334;43029
4;2018-01;0.8333333333333334;43029
5;2019-01;0.875;43029
6;2020-01;0.8333333333333334;43029
7;2021-01;0.8333333333333334;43029
8;2022-01;0.8333333333333334;43029
9;2023-01;0.875;43029
10;2024-01;1.0;43029
0;2014-01;0.5208333333333334;43021
1;2015-01;0.5833333333333334;43021
2;2016-01;0.8333333333333334;43021
3;2017-01;0.875;43021
4;2018-01;0.85;43021
5;2019-01;0.85;43021
6;2020-01;0.95;43021
7;2021-01;0.95;43021
8;2022-01;0.8699999999999999;43021
9;2023-01;0.82;43021
10;2024-01;0.9199999999999999;43021
0;2017-01;1.0;43002
1;2018-01;;43002
2;2019-01;0.6666666666666666;43002
3;2020-01;0.8333333333333333;43002
4;2021-01;0.8888888888888888;43002
5;2022-01;0.9166666666666666;43002
6;2023-01;0.8888888888888888;43002
7;2024-01;0.8333333333333333;43002
0;2015-01;1.0;43011
1;2016-01;1.0;43011
2;2017-01;1.0;43011
3;2018-01;1.0;43011
4;2019-01;1.0;43011
5;2020-01;1.0;43011
6;2021-01;1.0;43011
7;2022-01;1.0;43011
8;2023-01;0.875;43011
9;2024-01;0.8333333333333333;43011
0;2016-01;1.0;43006
1;2017-01;1.0;43006
2;2018-01;1.0;43006
3;2019-01;1.0;43006
4;2020-01;0.8333333333333333;43006
5;2021-01;0.5873015873015873;43006
6;2022-01;0.6904761904761905;43006
7;2023-01;0.6904761904761905;43006
8;2024-01;0.4038095238095238;43006
0;2014-01;0.8333333333333334;42013
1;2015-01;0.8333333333333334;42013
2;2016-01;0.8333333333333334;42013
3;2017-01;0.875;42013
4;2018-01;0.875;42013
5;2019-01;0.9;42013
6;2020-01;0.9;42013
7;2021-01;0.9;42013
8;2022-01;0.9;42013
9;2023-01;0.8333333333333333;42013
10;2024-01;0.8333333333333333;42013
0;2014-01;1.0;42002
1;2015-01;1.0;42002
2;2016-01;1.0;42002
3;2017-01;1.0;42002
4;2018-01;0.8333333333333333;42002
5;2019-01;0.8333333333333334;42002
6;2020-01;1.0;42002
7;2021-01;1.0;42002
8;2022-01;1.0;42002
9;2023-01;1.0;42002
10;2024-01;0.8;42002
0;2014-01;0.42857142857142855;42008
1;2015-01;0.42857142857142855;42008
2;2016-01;0.42857142857142855;42008
3;2017-01;0.7142857142857143;42008
4;2018-01;0.8095238095238094;42008
5;2019-01;0.8571428571428571;42008
6;2020-01;0.8571428571428571;42008
7;2021-01;1.0;42008
8;2022-01;1.0;42008
9;2023-01;0.6666666666666667;42008
10;2024-01;0.7222222222222222;42008
0;2014-01;0.8333333333333334;42011
1;2015-01;0.875;42011
2;2016-01;0.875;42011
3;2017-01;1.0;42011
4;2018-01;0.9199999999999999;42011
5;2019-01;0.8699999999999999;42011
6;2020-01;0.8300000000000001;42011
7;2021-01;0.9;42011
8;2022-01;0.85;42011
9;2023-01;0.8833333333333332;42011
10;2024-01;0.8833333333333332;42011
0;2014-01;1.0;42012
1;2015-01;1.0;42012
2;2016-01;1.0;42012
3;2017-01;1.0;42012
4;2018-01;1.0;42012
5;2019-01;0.8666666666666666;42012
6;2020-01;0.8666666666666666;42012
7;2021-01;0.8666666666666666;42012
8;2022-01;0.875;42012
9;2023-01;0.875;42012
10;2024-01;0.875;42012
0;2019-01;1.0;42004
1;2020-01;1.0;42004
2;2021-01;1.0;42004
3;2022-01;1.0;42004
4;2023-01;1.0;42004
5;2024-01;1.0;42004
0;2014-01;0.86;42005
1;2015-01;0.86;42005
2;2016-01;0.96;42005
3;2017-01;0.96;42005
4;2018-01;0.8666666666666667;42005
5;2019-01;0.8933333333333333;42005
6;2020-01;0.9333333333333333;42005
7;2021-01;1.0;42005
8;2022-01;1.0;42005
9;2023-01;1.0;42005
10;2024-01;1.0;42005
0;2014-01;1.0;42006
1;2015-01;0.95;42006
2;2016-01;0.9166666666666666;42006
3;2017-01;0.9166666666666666;42006
4;2018-01;0.8125;42006
5;2019-01;0.7833333333333333;42006
6;2020-01;0.8333333333333334;42006
7;2021-01;0.7933333333333333;42006
8;2022-01;0.8933333333333333;42006
9;2023-01;0.96;42006
10;2024-01;0.9333333333333332;42006
0;2014-01;0.7791666666666667;42007
1;2015-01;0.8041666666666667;42007
2;2016-01;0.825;42007
3;2017-01;0.86;42007
4;2018-01;0.9;42007
5;2019-01;0.93;42007
6;2020-01;0.86;42007
7;2021-01;0.9;42007
8;2022-01;0.86;42007
9;2023-01;0.7533333333333333;42007
10;2024-01;0.7933333333333333;42007
0;2014-01;;42001
1;2015-01;1.0;42001
2;2016-01;1.0;42001
3;2017-01;1.0;42001
4;2018-01;1.0;42001
5;2019-01;1.0;42001
6;2020-01;1.0;42001
7;2021-01;0.9166666666666666;42001
8;2022-01;0.875;42001
9;2023-01;0.875;42001
10;2024-01;1.0;42001
0;2014-01;1.0;42017
1;2015-01;1.0;42017
2;2016-01;1.0;42017
3;2017-01;1.0;42017
4;2018-01;1.0;42017
5;2019-01;1.0;42017
6;2020-01;1.0;42017
7;2021-01;1.0;42017
8;2022-01;1.0;42017
9;2023-01;1.0;42017
10;2024-01;1.0;42017
0;2014-01;1.0;42016
1;2015-01;1.0;42016
2;2016-01;1.0;42016
3;2017-01;1.0;42016
4;2018-01;1.0;42016
5;2019-01;1.0;42016
6;2020-01;0.75;42016
7;2021-01;0.875;42016
8;2022-01;0.875;42016
9;2023-01;0.875;42016
10;2024-01;1.0;42016
0;2014-01;1.0;42003
1;2015-01;1.0;42003
2;2016-01;1.0;42003
3;2017-01;1.0;42003
4;2018-01;0.8333333333333334;42003
5;2019-01;1.0;42003
6;2020-01;1.0;42003
7;2021-01;1.0;42003
8;2022-01;1.0;42003
9;2023-01;1.0;42003
10;2024-01;1.0;42003
0;2014-01;0.7757563025210084;28001
1;2015-01;0.7992857142857143;28001
2;2016-01;0.7992857142857143;28001
3;2017-01;0.845;28001
4;2018-01;0.885;28001
5;2019-01;0.885;28001
6;2020-01;0.9199999999999999;28001
7;2021-01;1.0;28001
8;2022-01;1.0;28001
9;2023-01;0.9444444444444444;28001
10;2024-01;0.9;28001
0;2020-01;1.0;28006
1;2021-01;1.0;28006
2;2022-01;1.0;28006
3;2023-01;1.0;28006
4;2024-01;;28006
0;2021-01;1.0;28004
1;2022-01;1.0;28004
2;2023-01;;28004
3;2024-01;;28004
0;2014-01;1.0;35074
1;2015-01;1.0;35074
2;2016-01;1.0;35074
3;2017-01;1.0;35074
4;2018-01;1.0;35074
5;2019-01;1.0;35074
6;2020-01;1.0;35074
7;2021-01;1.0;35074
8;2022-01;1.0;35074
9;2023-01;1.0;35074
10;2024-01;1.0;35074
0;2014-01;1.0;35172
1;2015-01;1.0;35172
2;2016-01;1.0;35172
3;2017-01;1.0;35172
4;2018-01;1.0;35172
5;2019-01;1.0;35172
6;2020-01;1.0;35172
7;2021-01;0.8666666666666666;35172
8;2022-01;0.8666666666666666;35172
9;2023-01;0.7777777777777777;35172
10;2024-01;0.75;35172
0;2014-01;1.0;35021
1;2015-01;0.9;35021
2;2016-01;0.9;35021
3;2017-01;0.9;35021
4;2018-01;0.9199999999999999;35021
5;2019-01;0.9199999999999999;35021
6;2020-01;0.9199999999999999;35021
7;2021-01;0.9199999999999999;35021
8;2022-01;1.0;35021
9;2023-01;1.0;35021
10;2024-01;1.0;35021
0;2014-01;0.5645540751065432;35051
1;2015-01;0.5944922746426505;35051
2;2016-01;0.5904543409806567;35051
3;2017-01;0.5175078722447144;35051
4;2018-01;0.5620107962213226;35051
5;2019-01;0.5735467431119605;35051
6;2020-01;0.6716356107660455;35051
7;2021-01;0.36804692891649415;35051
8;2022-01;0.40208143547273983;35051
9;2023-01;0.35180952380952385;35051
10;2024-01;0.4786666666666667;35051
0;2014-01;1.0;35031
1;2015-01;1.0;35031
2;2016-01;0.96;35031
3;2017-01;0.8133333333333332;35031
4;2018-01;0.8533333333333333;35031
5;2019-01;0.8533333333333333;35031
6;2020-01;0.7866666666666666;35031
7;2021-01;0.7366666666666666;35031
8;2022-01;0.7366666666666666;35031
9;2023-01;0.7;35031
10;2024-01;0.7666666666666667;35031
0;2014-01;0.9166666666666667;35071
1;2015-01;0.9166666666666667;35071
2;2016-01;0.5;35071
3;2017-01;0.75;35071
4;2018-01;0.75;35071
5;2019-01;0.8333333333333334;35071
6;2020-01;0.8333333333333334;35071
7;2021-01;0.875;35071
8;2022-01;0.875;35071
9;2023-01;1.0;35071
10;2024-01;1.0;35071
0;2020-01;1.0;35133
1;2021-01;1.0;35133
2;2022-01;1.0;35133
3;2023-01;1.0;35133
4;2024-01;1.0;35133
0;2014-01;0.5703674948240165;35072
1;2015-01;0.6477355072463769;35072
2;2016-01;0.6976328502415459;35072
3;2017-01;0.7283471359558316;35072
4;2018-01;0.7351587301587301;35072
5;2019-01;0.713968253968254;35072
6;2020-01;0.7596825396825396;35072
7;2021-01;0.7809523809523811;35072
8;2022-01;0.8214285714285714;35072
9;2023-01;0.8195238095238094;35072
10;2024-01;0.8285714285714285;35072
0;2014-01;1.0;35161
1;2015-01;1.0;35161
2;2016-01;1.0;35161
3;2017-01;1.0;35161
4;2018-01;1.0;35161
5;2019-01;1.0;35161
6;2020-01;1.0;35161
7;2021-01;1.0;35161
8;2022-01;1.0;35161
9;2023-01;1.0;35161
10;2024-01;0.9696969696969697;35161
0;2014-01;1.0;35151
1;2015-01;1.0;35151
2;2016-01;1.0;35151
3;2017-01;1.0;35151
4;2018-01;1.0;35151
5;2019-01;1.0;35151
6;2020-01;0.75;35151
7;2021-01;0.8125;35151
8;2022-01;0.85;35151
9;2023-01;0.85;35151
10;2024-01;0.95;35151
0;2014-01;1.0;35013
1;2015-01;1.0;35013
2;2016-01;1.0;35013
3;2017-01;1.0;35013
4;2018-01;0.75;35013
5;2019-01;0.8333333333333334;35013
6;2020-01;0.8333333333333334;35013
7;2021-01;0.875;35013
8;2022-01;0.875;35013
9;2023-01;0.875;35013
10;2024-01;0.8068181818181819;35013
0;2014-01;0.7487179487179487;35041
1;2015-01;0.8;35041
2;2016-01;0.9;35041
3;2017-01;0.9;35041
4;2018-01;0.95;35041
5;2019-01;0.95;35041
6;2020-01;0.96;35041
7;2021-01;0.8914285714285715;35041
8;2022-01;0.8928571428571429;35041
9;2023-01;0.8928571428571429;35041
10;2024-01;0.8357142857142857;35041
0;2014-01;0.8333333333333333;35141
1;2015-01;0.8333333333333333;35141
2;2016-01;0.8333333333333333;35141
3;2017-01;0.8333333333333334;35141
4;2018-01;0.8333333333333334;35141
5;2019-01;1.0;35141
6;2020-01;1.0;35141
7;2021-01;1.0;35141
8;2022-01;1.0;35141
9;2023-01;1.0;35141
10;2024-01;1.0;35141
0;2014-01;0.5833333333333333;35011
1;2015-01;0.7777777777777778;35011
2;2016-01;0.8055555555555556;35011
3;2017-01;0.8531746031746031;35011
4;2018-01;0.9269841269841269;35011
5;2019-01;0.8906204906204905;35011
6;2020-01;0.7406926406926406;35011
7;2021-01;0.6318787878787878;35011
8;2022-01;0.7158787878787878;35011
9;2023-01;0.5215757575757576;35011
10;2024-01;0.6706666666666667;35011
0;2014-01;0.8583333333333334;35163
1;2015-01;0.5476190476190476;35163
2;2016-01;0.7142857142857143;35163
3;2017-01;0.6964285714285714;35163
4;2018-01;0.7589285714285714;35163
5;2019-01;0.61;35163
6;2020-01;0.8028571428571428;35163
7;2021-01;0.7428571428571429;35163
8;2022-01;0.8066666666666666;35163
9;2023-01;0.8466666666666667;35163
10;2024-01;0.8280952380952382;35163
0;2014-01;0.8099999999999999;35171
1;2015-01;0.86;35171
2;2016-01;0.9;35171
3;2017-01;0.9666666666666668;35171
4;2018-01;0.9333333333333332;35171
5;2019-01;0.8933333333333333;35171
6;2020-01;0.8933333333333333;35171
7;2021-01;0.8933333333333333;35171
8;2022-01;0.96;35171
9;2023-01;1.0;35171
10;2024-01;0.9714285714285715;35171
0;2014-01;0.9130434782608696;35064
1;2015-01;0.9217391304347826;35064
2;2016-01;1.0;35064
3;2017-01;0.8428571428571429;35064
4;2018-01;0.8273809523809523;35064
5;2019-01;0.8845238095238095;35064
6;2020-01;0.8845238095238095;35064
7;2021-01;0.880952380952381;35064
8;2022-01;0.8961038961038961;35064
9;2023-01;0.9532467532467532;35064
10;2024-01;0.9818181818181818;35064
0;2014-01;0.6666666666666666;35022
1;2015-01;0.6666666666666666;35022
2;2016-01;0.3333333333333333;35022
3;2017-01;0.6666666666666666;35022
4;2018-01;0.6666666666666666;35022
5;2019-01;0.6666666666666666;35022
6;2020-01;0.6666666666666666;35022
7;2021-01;0.6666666666666666;35022
8;2022-01;0.7777777777777778;35022
9;2023-01;0.7777777777777778;35022
10;2024-01;0.611111111111111;35022
0;2014-01;0.6517857142857143;35014
1;2015-01;0.7321428571428572;35014
2;2016-01;0.7742857142857142;35014
3;2017-01;0.7904761904761904;35014
4;2018-01;0.7428571428571429;35014
5;2019-01;0.7555555555555555;35014
6;2020-01;0.7555555555555555;35014
7;2021-01;0.8166666666666667;35014
8;2022-01;0.9166666666666666;35014
9;2023-01;0.8833333333333334;35014
10;2024-01;0.95;35014
0;2014-01;1.0;35121
1;2015-01;1.0;35121
2;2016-01;1.0;35121
3;2017-01;1.0;35121
4;2018-01;1.0;35121
5;2019-01;0.5;35121
6;2020-01;0.41666666666666663;35121
7;2021-01;0.75;35121
8;2022-01;0.611111111111111;35121
9;2023-01;0.75;35121
10;2024-01;0.8333333333333334;35121
0;2014-01;0.5430555555555555;35103
1;2015-01;0.5430555555555555;35103
2;2016-01;0.5344444444444444;35103
3;2017-01;0.6644444444444444;35103
4;2018-01;0.82;35103
5;2019-01;0.9;35103
6;2020-01;0.8333333333333333;35103
7;2021-01;0.8666666666666666;35103
8;2022-01;0.8666666666666666;35103
9;2023-01;0.8666666666666666;35103
10;2024-01;0.7083333333333334;35103
0;2014-01;0.9166666666666666;35112
1;2015-01;0.9166666666666666;35112
2;2016-01;0.9333333333333333;35112
3;2017-01;0.9333333333333333;35112
4;2018-01;0.9166666666666666;35112
5;2019-01;1.0;35112
6;2020-01;1.0;35112
7;2021-01;1.0;35112
8;2022-01;1.0;35112
9;2023-01;1.0;35112
10;2024-01;1.0;35112
0;2014-01;0.7626984126984127;35132
1;2015-01;0.7552910052910053;35132
2;2016-01;0.7857142857142857;35132
3;2017-01;0.9;35132
4;2018-01;0.8;35132
5;2019-01;0.75;35132
6;2020-01;0.85;35132
7;2021-01;0.95;35132
8;2022-01;0.95;35132
9;2023-01;1.0;35132
10;2024-01;0.9;35132
0;2014-01;0.5642241968557759;35015
1;2015-01;0.553051948051948;35015
2;2016-01;0.5735714285714286;35015
3;2017-01;0.655;35015
4;2018-01;0.7246153846153847;35015
5;2019-01;0.7587458193979933;35015
6;2020-01;0.5935785953177257;35015
7;2021-01;0.6889409141583054;35015
8;2022-01;0.8222519509476032;35015
9;2023-01;0.7410144927536232;35015
10;2024-01;0.7023809523809523;35015
0;2014-01;0.7666666666666666;35142
1;2015-01;0.825;35142
2;2016-01;0.775;35142
3;2017-01;0.6;35142
4;2018-01;0.6;35142
5;2019-01;0.7999999999999999;35142
6;2020-01;0.7999999999999999;35142
7;2021-01;0.75;35142
8;2022-01;0.8333333333333334;35142
9;2023-01;0.75;35142
10;2024-01;0.875;35142
0;2014-01;1.0;35155
1;2015-01;0.9166666666666666;35155
2;2016-01;0.8125;35155
3;2017-01;0.75;35155
4;2018-01;0.8;35155
5;2019-01;0.75;35155
6;2020-01;0.85;35155
7;2021-01;0.85;35155
8;2022-01;0.95;35155
9;2023-01;0.8099999999999999;35155
10;2024-01;0.9199999999999999;35155
0;2014-01;0.7191094604946681;35016
1;2015-01;0.7229514449103792;35016
2;2016-01;0.6184013844382215;35016
3;2017-01;0.6740583544926193;35016
4;2018-01;0.6999008040052817;35016
5;2019-01;0.7028207903207904;35016
6;2020-01;0.6722355000836013;35016
7;2021-01;0.7385957788582338;35016
8;2022-01;0.7365346423647579;35016
9;2023-01;0.7360769585121069;35016
10;2024-01;0.7733980913266608;35016
0;2024-01;1.0;27010
0;2014-01;;16003
1;2015-01;;16003
2;2016-01;;16003
3;2017-01;;16003
4;2018-01;;16003
5;2019-01;;16003
6;2020-01;;16003
7;2021-01;;16003
8;2022-01;;16003
9;2023-01;;16003
10;2024-01;;16003
0;2014-01;1.0;29006
1;2015-01;1.0;29006
2;2016-01;1.0;29006
3;2017-01;0.8969696969696969;29006
4;2018-01;0.8969696969696969;29006
5;2019-01;0.8969696969696969;29006
6;2020-01;0.8969696969696969;29006
7;2021-01;1.0;29006
8;2022-01;0.9166666666666666;29006
9;2023-01;0.9166666666666666;29006
10;2024-01;0.9166666666666666;29006
0;2014-01;;29007
1;2015-01;;29007
2;2016-01;;29007
3;2017-01;;29007
4;2018-01;1.0;29007
5;2019-01;1.0;29007
6;2020-01;1.0;29007
7;2021-01;1.0;29007
8;2022-01;1.0;29007
9;2023-01;1.0;29007
10;2024-01;1.0;29007
0;2014-01;0.8818181818181818;29012
1;2015-01;0.9;29012
2;2016-01;1.0;29012
3;2017-01;1.0;29012
4;2018-01;1.0;29012
5;2019-01;0.9166666666666666;29012
6;2020-01;0.9166666666666666;29012
7;2021-01;0.8333333333333333;29012
8;2022-01;0.8333333333333333;29012
9;2023-01;0.8333333333333334;29012
10;2024-01;0.8333333333333334;29012
0;2014-01;1.0;29016
1;2015-01;1.0;29016
2;2016-01;0.8333333333333333;29016
3;2017-01;0.7666666666666666;29016
4;2018-01;0.875;29016
5;2019-01;0.8333333333333334;29016
6;2020-01;0.875;29016
7;2021-01;0.9;29016
8;2022-01;0.875;29016
9;2023-01;0.8333333333333333;29016
10;2024-01;0.9333333333333332;29016
0;2014-01;0.8843506493506494;29020
1;2015-01;0.9082142857142858;29020
2;2016-01;0.7972619047619047;29020
3;2017-01;0.8628571428571428;29020
4;2018-01;0.96;29020
5;2019-01;0.9660130718954247;29020
6;2020-01;0.9478312537136067;29020
7;2021-01;0.8589423648247176;29020
8;2022-01;0.8493464052287582;29020
9;2023-01;0.8207070707070707;29020
10;2024-01;0.8304292929292929;29020
0;2014-01;1.0;29028
1;2015-01;1.0;29028
2;2016-01;1.0;29028
3;2017-01;1.0;29028
4;2018-01;1.0;29028
5;2019-01;1.0;29028
6;2020-01;0.96;29028
7;2021-01;0.8266666666666665;29028
8;2022-01;0.8266666666666668;29028
9;2023-01;0.825;29028
10;2024-01;0.825;29028
0;2019-01;0.75;29001
1;2020-01;0.875;29001
2;2021-01;0.875;29001
3;2022-01;0.8333333333333334;29001
4;2023-01;0.875;29001
5;2024-01;0.875;29001
0;2014-01;;29003
1;2015-01;;29003
2;2016-01;;29003
3;2017-01;;29003
4;2018-01;;29003
5;2019-01;;29003
6;2020-01;;29003
7;2021-01;;29003
8;2022-01;;29003
9;2023-01;;29003
10;2024-01;;29003
0;2014-01;0.5;29026
1;2015-01;0.6666666666666666;29026
2;2016-01;0.75;29026
3;2017-01;0.75;29026
4;2018-01;0.75;29026
5;2019-01;0.75;29026
6;2020-01;0.8333333333333334;29026
7;2021-01;0.875;29026
8;2022-01;1.0;29026
9;2023-01;1.0;29026
10;2024-01;1.0;29026
0;2014-01;1.0;52005
1;2015-01;1.0;52005
2;2016-01;1.0;52005
3;2017-01;1.0;52005
4;2018-01;1.0;52005
5;2019-01;1.0;52005
6;2020-01;1.0;52005
7;2021-01;1.0;52005
8;2022-01;1.0;52005
9;2023-01;1.0;52005
10;2024-01;1.0;52005
0;2014-01;0.9333333333333332;52001
1;2015-01;0.8833333333333334;52001
2;2016-01;0.8033333333333333;52001
3;2017-01;0.77;52001
4;2018-01;0.8366666666666667;52001
5;2019-01;0.8466666666666667;52001
6;2020-01;0.8466666666666667;52001
7;2021-01;0.9;52001
8;2022-01;0.8;52001
9;2023-01;0.7;52001
10;2024-01;0.8214285714285715;52001
0;2014-01;0.75;52004
1;2015-01;0.75;52004
2;2016-01;0.75;52004
3;2017-01;0.75;52004
4;2018-01;0.75;52004
5;2019-01;0.75;52004
6;2020-01;;52004
7;2021-01;;52004
8;2022-01;;52004
9;2023-01;;52004
10;2024-01;;52004
0;2014-01;1.0;52015
1;2015-01;0.5;52015
2;2016-01;0.75;52015
3;2017-01;0.75;52015
4;2018-01;0.75;52015
5;2019-01;0.75;52015
6;2020-01;0.75;52015
7;2021-01;0.75;52015
8;2022-01;0.8333333333333334;52015
9;2023-01;0.8333333333333334;52015
10;2024-01;0.8333333333333334;52015
0;2018-01;1.0;52016
1;2019-01;1.0;52016
2;2020-01;1.0;52016
3;2021-01;1.0;52016
4;2022-01;1.0;52016
5;2023-01;1.0;52016
6;2024-01;1.0;52016
0;2014-01;1.0;31013
1;2015-01;1.0;31013
2;2016-01;1.0;31013
3;2017-01;1.0;31013
4;2018-01;1.0;31013
5;2019-01;1.0;31013
6;2020-01;1.0;31013
7;2021-01;1.0;31013
8;2022-01;0.75;31013
9;2023-01;0.875;31013
10;2024-01;0.875;31013
0;2014-01;0.875;31036
1;2015-01;0.875;31036
2;2016-01;0.9166666666666666;31036
3;2017-01;0.9166666666666666;31036
4;2018-01;0.9375;31036
5;2019-01;0.9375;31036
6;2020-01;1.0;31036
7;2021-01;1.0;31036
8;2022-01;1.0;31036
9;2023-01;1.0;31036
10;2024-01;1.0;31036
0;2014-01;1.0;31021
1;2015-01;1.0;31021
2;2016-01;1.0;31021
3;2017-01;1.0;31021
4;2018-01;1.0;31021
5;2019-01;0.75;31021
6;2020-01;0.8333333333333334;31021
7;2021-01;0.75;31021
8;2022-01;0.75;31021
9;2023-01;0.875;31021
10;2024-01;0.875;31021
0;2014-01;0.5;31015
1;2015-01;0.5;31015
2;2016-01;0.5;31015
3;2017-01;0.5;31015
4;2018-01;0.5;31015
5;2019-01;0.75;31015
6;2020-01;0.75;31015
7;2021-01;0.75;31015
8;2022-01;0.8333333333333334;31015
9;2023-01;0.875;31015
10;2024-01;0.9;31015
0;2014-01;0.75;31018
1;2015-01;1.0;31018
2;2016-01;0.8333333333333334;31018
3;2017-01;0.875;31018
4;2018-01;0.9;31018
5;2019-01;0.9;31018
6;2020-01;0.85;31018
7;2021-01;0.95;31018
8;2022-01;0.875;31018
9;2023-01;0.875;31018
10;2024-01;0.875;31018
0;2024-01;0.5;31085
0;2014-01;;15004
1;2015-01;;15004
2;2016-01;;15004
3;2017-01;;15004
4;2018-01;1.0;15004
5;2019-01;0.5;15004
6;2020-01;0.5;15004
7;2021-01;0.75;15004
8;2022-01;0.75;15004
9;2023-01;0.7999999999999999;15004
10;2024-01;0.675;15004
0;2015-01;1.0;15008
1;2016-01;1.0;15008
2;2017-01;1.0;15008
3;2018-01;1.0;15008
4;2019-01;1.0;15008
5;2020-01;1.0;15008
6;2021-01;1.0;15008
7;2022-01;1.0;15008
8;2023-01;0.6666666666666666;15008
9;2024-01;0.6666666666666666;15008
0;2014-01;1.0;15011
1;2015-01;1.0;15011
2;2016-01;1.0;15011
3;2017-01;1.0;15011
4;2018-01;;15011
5;2019-01;;15011
6;2020-01;;15011
7;2021-01;;15011
8;2022-01;;15011
9;2023-01;;15011
10;2024-01;1.0;15011
0;2020-01;1.0;25006
1;2021-01;1.0;25006
2;2022-01;1.0;25006
3;2023-01;0.6666666666666666;25006
4;2024-01;0.5833333333333333;25006
0;2023-01;1.0;25009
1;2024-01;1.0;25009
0;2014-01;0.75;25016
1;2015-01;0.8125;25016
2;2016-01;0.7333333333333333;25016
3;2017-01;0.6333333333333333;25016
4;2018-01;0.7083333333333333;25016
5;2019-01;0.7083333333333333;25016
6;2020-01;0.7083333333333333;25016
7;2021-01;0.6458333333333334;25016
8;2022-01;0.7708333333333334;25016
9;2023-01;0.8166666666666667;25016
10;2024-01;0.85;25016
0;2014-01;1.0;26006
1;2015-01;1.0;26006
2;2016-01;1.0;26006
3;2017-01;1.0;26006
4;2018-01;;26006
5;2019-01;;26006
6;2020-01;;26006
7;2021-01;;26006
8;2022-01;;26006
9;2023-01;;26006
10;2024-01;1.0;26006
0;2014-01;0.9166666666666666;26009
1;2015-01;0.9375;26009
2;2016-01;0.8125;26009
3;2017-01;0.8125;26009
4;2018-01;0.85;26009
5;2019-01;1.0;26009
6;2020-01;0.875;26009
7;2021-01;0.7222222222222222;26009
8;2022-01;0.7916666666666666;26009
9;2023-01;0.7916666666666666;26009
10;2024-01;0.7916666666666666;26009
0;2018-01;1.0;26012
1;2019-01;1.0;26012
2;2020-01;1.0;26012
3;2021-01;1.0;26012
4;2022-01;1.0;26012
5;2023-01;1.0;26012
6;2024-01;1.0;26012
0;2014-01;0.8166666666666667;22004
1;2015-01;0.8533333333333333;22004
2;2016-01;0.9333333333333332;22004
3;2017-01;0.9333333333333333;22004
4;2018-01;1.0;22004
5;2019-01;1.0;22004
6;2020-01;0.9333333333333333;22004
7;2021-01;0.9333333333333333;22004
8;2022-01;1.0;22004
9;2023-01;1.0;22004
10;2024-01;1.0;22004
0;2016-01;0.6;22005
1;2017-01;0.7;22005
2;2018-01;0.7999999999999999;22005
3;2019-01;0.7333333333333334;22005
4;2020-01;0.7333333333333334;22005
5;2021-01;0.7333333333333334;22005
6;2022-01;0.7333333333333334;22005
7;2023-01;1.0;22005
8;2024-01;1.0;22005
0;2017-01;;41019
1;2018-01;1.0;41019
2;2019-01;1.0;41019
3;2020-01;1.0;41019
4;2021-01;1.0;41019
5;2022-01;1.0;41019
6;2023-01;1.0;41019
7;2024-01;1.0;41019
0;2014-01;1.0;24004
1;2015-01;1.0;24004
2;2016-01;1.0;24004
3;2017-01;1.0;24004
4;2018-01;;24004
5;2019-01;1.0;24004
6;2020-01;1.0;24004
7;2021-01;1.0;24004
8;2022-01;1.0;24004
9;2023-01;1.0;24004
10;2024-01;0.8333333333333334;24004
0;2014-01;0.9241558441558441;24007
1;2015-01;0.9014285714285715;24007
2;2016-01;0.8800000000000001;24007
3;2017-01;0.8800000000000001;24007
4;2018-01;0.9;24007
5;2019-01;1.0;24007
6;2020-01;0.8777777777777779;24007
7;2021-01;0.8666666666666666;24007
8;2022-01;0.8666666666666666;24007
9;2023-01;0.8666666666666666;24007
10;2024-01;0.8333333333333334;24007
0;2015-01;1.0;24006
1;2016-01;;24006
2;2017-01;;24006
3;2018-01;;24006
4;2019-01;1.0;24006
5;2020-01;0.75;24006
6;2021-01;1.0;24006
7;2022-01;1.0;24006
8;2023-01;1.0;24006
9;2024-01;1.0;24006
0;2014-01;1.0;11002
1;2015-01;1.0;11002
2;2016-01;1.0;11002
3;2017-01;1.0;11002
4;2018-01;1.0;11002
5;2019-01;1.0;11002
6;2020-01;1.0;11002
7;2021-01;1.0;11002
8;2022-01;0.875;11002
9;2023-01;0.875;11002
10;2024-01;0.875;11002
0;2014-01;1.0;11004
1;2015-01;1.0;11004
2;2016-01;0.875;11004
3;2017-01;0.875;11004
4;2018-01;0.7416666666666667;11004
5;2019-01;0.5133333333333334;11004
6;2020-01;0.4666666666666667;11004
7;2021-01;0.5666666666666667;11004
8;2022-01;0.5866666666666667;11004
9;2023-01;0.6416666666666666;11004
10;2024-01;0.7041666666666666;11004
0;2014-01;1.0;43012
1;2015-01;1.0;43012
2;2016-01;1.0;43012
3;2017-01;1.0;43012
4;2018-01;1.0;43012
5;2019-01;1.0;43012
6;2020-01;1.0;43012
7;2021-01;1.0;43012
8;2022-01;1.0;43012
9;2023-01;1.0;43012
10;2024-01;0.75;43012
0;2014-01;1.0;43013
1;2015-01;0.8333333333333333;43013
2;2016-01;0.6666666666666666;43013
3;2017-01;1.0;43013
4;2018-01;1.0;43013
5;2019-01;1.0;43013
6;2020-01;1.0;43013
7;2021-01;1.0;43013
8;2022-01;1.0;43013
9;2023-01;0.8333333333333334;43013
10;2024-01;0.8333333333333334;43013
0;2018-01;1.0;42010
1;2019-01;1.0;42010
2;2020-01;1.0;42010
3;2021-01;1.0;42010
4;2022-01;1.0;42010
5;2023-01;1.0;42010
6;2024-01;0.8333333333333334;42010
0;2014-01;1.0;42009
1;2015-01;1.0;42009
2;2016-01;1.0;42009
3;2017-01;1.0;42009
4;2018-01;1.0;42009
5;2019-01;1.0;42009
6;2020-01;1.0;42009
7;2021-01;1.0;42009
8;2022-01;1.0;42009
9;2023-01;1.0;42009
10;2024-01;1.0;42009
0;2014-01;;35023
1;2015-01;;35023
2;2016-01;;35023
3;2017-01;;35023
4;2018-01;;35023
5;2019-01;;35023
6;2020-01;;35023
7;2021-01;;35023
8;2022-01;;35023
9;2023-01;;35023
10;2024-01;;35023
0;2014-01;0.8;35081
1;2015-01;0.9;35081
2;2016-01;0.9333333333333332;35081
3;2017-01;0.9333333333333332;35081
4;2018-01;0.9333333333333332;35081
5;2019-01;0.9333333333333332;35081
6;2020-01;0.95;35081
7;2021-01;1.0;35081
8;2022-01;1.0;35081
9;2023-01;1.0;35081
10;2024-01;1.0;35081
0;2014-01;0.68;35012
1;2015-01;0.64;35012
2;2016-01;0.28;35012
3;2017-01;0.4571428571428572;35012
4;2018-01;0.3857142857142857;35012
5;2019-01;0.3857142857142857;35012
6;2020-01;0.3142857142857143;35012
7;2021-01;0.12714285714285714;35012
8;2022-01;0.07142857142857142;35012
9;2023-01;0.14285714285714285;35012
10;2024-01;0.5714285714285714;35012
0;2014-01;1.0;35061
1;2015-01;1.0;35061
2;2016-01;1.0;35061
3;2017-01;1.0;35061
4;2018-01;1.0;35061
5;2019-01;1.0;35061
6;2020-01;1.0;35061
7;2021-01;1.0;35061
8;2022-01;1.0;35061
9;2023-01;1.0;35061
10;2024-01;1.0;35061
0;2014-01;0.8333333333333334;35131
1;2015-01;0.875;35131
2;2016-01;0.8125;35131
3;2017-01;0.625;35131
4;2018-01;0.5833333333333334;35131
5;2019-01;0.75;35131
6;2020-01;1.0;35131
7;2021-01;0.6875;35131
8;2022-01;1.0;35131
9;2023-01;1.0;35131
10;2024-01;1.0;35131
0;2014-01;0.75;35073
1;2015-01;0.7222222222222222;35073
2;2016-01;0.7083333333333333;35073
3;2017-01;0.9166666666666666;35073
4;2018-01;0.8555555555555555;35073
5;2019-01;0.6;35073
6;2020-01;0.7083333333333333;35073
7;2021-01;0.6516666666666666;35073
8;2022-01;0.7266666666666667;35073
9;2023-01;0.885;35073
10;2024-01;0.7683333333333333;35073
0;2014-01;1.0;35062
1;2015-01;0.775;35062
2;2016-01;0.8666666666666667;35062
3;2017-01;0.8142857142857143;35062
4;2018-01;0.8514285714285714;35062
5;2019-01;0.8514285714285714;35062
6;2020-01;0.9714285714285713;35062
7;2021-01;0.9714285714285713;35062
8;2022-01;0.9714285714285713;35062
9;2023-01;0.9714285714285713;35062
10;2024-01;0.9428571428571428;35062
0;2014-01;0.9166666666666666;35092
1;2015-01;0.8333333333333334;35092
2;2016-01;0.7777777777777778;35092
3;2017-01;1.0;35092
4;2018-01;0.75;35092
5;2019-01;0.75;35092
6;2020-01;0.75;35092
7;2021-01;0.75;35092
8;2022-01;0.75;35092
9;2023-01;0.75;35092
10;2024-01;0.75;35092
0;2014-01;0.9166666666666666;35093
1;2015-01;0.7333333333333333;35093
2;2016-01;0.7333333333333333;35093
3;2017-01;0.8333333333333334;35093
4;2018-01;0.9;35093
5;2019-01;0.9;35093
6;2020-01;0.8818181818181818;35093
7;2021-01;0.9818181818181818;35093
8;2022-01;1.0;35093
9;2023-01;1.0;35093
10;2024-01;1.0;35093
0;2014-01;1.0;35101
1;2015-01;1.0;35101
2;2016-01;1.0;35101
3;2017-01;1.0;35101
4;2018-01;1.0;35101
5;2019-01;1.0;35101
6;2020-01;0.875;35101
7;2021-01;0.875;35101
8;2022-01;0.875;35101
9;2023-01;0.875;35101
10;2024-01;0.8333333333333334;35101
0;2014-01;1.0;35034
1;2015-01;1.0;35034
2;2016-01;1.0;35034
3;2017-01;1.0;35034
4;2018-01;1.0;35034
5;2019-01;1.0;35034
6;2020-01;1.0;35034
7;2021-01;1.0;35034
8;2022-01;1.0;35034
9;2023-01;1.0;35034
10;2024-01;1.0;35034
0;2017-01;1.0;35157
1;2018-01;1.0;35157
2;2019-01;1.0;35157
3;2020-01;1.0;35157
4;2021-01;1.0;35157
5;2022-01;1.0;35157
6;2023-01;1.0;35157
7;2024-01;1.0;35157
0;2018-01;1.0;29004
1;2019-01;1.0;29004
2;2020-01;1.0;29004
3;2021-01;1.0;29004
4;2022-01;1.0;29004
5;2023-01;1.0;29004
6;2024-01;1.0;29004
0;2014-01;0.9166666666666666;29009
1;2015-01;0.875;29009
2;2016-01;0.9166666666666666;29009
3;2017-01;0.8888888888888888;29009
4;2018-01;1.0;29009
5;2019-01;1.0;29009
6;2020-01;1.0;29009
7;2021-01;1.0;29009
8;2022-01;1.0;29009
9;2023-01;1.0;29009
10;2024-01;1.0;29009
0;2014-01;1.0;29015
1;2015-01;1.0;29015
2;2016-01;1.0;29015
3;2017-01;1.0;29015
4;2018-01;1.0;29015
5;2019-01;1.0;29015
6;2020-01;1.0;29015
7;2021-01;1.0;29015
8;2022-01;1.0;29015
9;2023-01;1.0;29015
10;2024-01;0.75;29015
0;2016-01;1.0;29010
1;2017-01;1.0;29010
2;2018-01;1.0;29010
3;2019-01;1.0;29010
4;2020-01;1.0;29010
5;2021-01;1.0;29010
6;2022-01;1.0;29010
7;2023-01;1.0;29010
8;2024-01;1.0;29010
0;2014-01;1.0;23003
1;2015-01;1.0;23003
2;2016-01;1.0;23003
3;2017-01;1.0;23003
4;2018-01;1.0;23003
5;2019-01;1.0;23003
6;2020-01;1.0;23003
7;2021-01;1.0;23003
8;2022-01;1.0;23003
9;2023-01;1.0;23003
10;2024-01;1.0;23003
0;2014-01;0.8814285714285715;52011
1;2015-01;0.9314285714285715;52011
2;2016-01;0.7375;52011
3;2017-01;0.6875;52011
4;2018-01;0.7875;52011
5;2019-01;0.7875;52011
6;2020-01;0.6799999999999999;52011
7;2021-01;0.7666666666666666;52011
8;2022-01;0.8333333333333333;52011
9;2023-01;0.3055555555555555;52011
10;2024-01;0.5833333333333334;52011
0;2018-01;1.0;15012
1;2019-01;1.0;15012
2;2020-01;1.0;15012
3;2021-01;1.0;15012
4;2022-01;1.0;15012
5;2023-01;;15012
6;2024-01;1.0;15012
0;2014-01;;15009
1;2015-01;;15009
2;2016-01;;15009
3;2017-01;;15009
4;2018-01;;15009
5;2019-01;;15009
6;2020-01;;15009
7;2021-01;;15009
8;2022-01;;15009
9;2023-01;;15009
10;2024-01;;15009
0;2014-01;1.0;43022
1;2015-01;1.0;43022
2;2016-01;0.6666666666666666;43022
3;2017-01;0.6666666666666666;43022
4;2018-01;0.6666666666666666;43022
5;2019-01;0.6666666666666666;43022
6;2020-01;0.6666666666666666;43022
7;2021-01;0.8333333333333333;43022
8;2022-01;0.7777777777777778;43022
9;2023-01;0.8333333333333334;43022
10;2024-01;0.6944444444444445;43022
0;2014-01;0.96;43025
1;2015-01;0.96;43025
2;2016-01;0.8514285714285714;43025
3;2017-01;0.8800000000000001;43025
4;2018-01;0.8800000000000001;43025
5;2019-01;0.8800000000000001;43025
6;2020-01;0.8800000000000001;43025
7;2021-01;0.9199999999999999;43025
8;2022-01;1.0;43025
9;2023-01;1.0;43025
10;2024-01;1.0;43025
0;2014-01;;43009
1;2015-01;;43009
2;2016-01;;43009
3;2017-01;;43009
4;2018-01;;43009
5;2019-01;;43009
6;2020-01;;43009
7;2021-01;;43009
8;2022-01;;43009
9;2023-01;;43009
10;2024-01;;43009
0;2019-01;1.0;43020
1;2020-01;1.0;43020
2;2021-01;1.0;43020
3;2022-01;1.0;43020
4;2023-01;1.0;43020
5;2024-01;1.0;43020
0;2014-01;0.3333333333333333;43003
1;2015-01;0.6666666666666666;43003
2;2016-01;0.6666666666666666;43003
3;2017-01;1.0;43003
4;2018-01;1.0;43003
5;2019-01;1.0;43003
6;2020-01;1.0;43003
7;2021-01;0.9375;43003
8;2022-01;0.9375;43003
9;2023-01;0.8125;43003
10;2024-01;0.75;43003
0;2016-01;1.0;43015
1;2017-01;1.0;43015
2;2018-01;1.0;43015
3;2019-01;1.0;43015
4;2020-01;1.0;43015
5;2021-01;1.0;43015
6;2022-01;1.0;43015
7;2023-01;;43015
8;2024-01;;43015
0;2014-01;1.0;43024
1;2015-01;1.0;43024
2;2016-01;1.0;43024
3;2017-01;0.3333333333333333;43024
4;2018-01;0.3333333333333333;43024
5;2019-01;0.3333333333333333;43024
6;2020-01;0.3333333333333333;43024
7;2021-01;0.3333333333333333;43024
8;2022-01;0.6666666666666666;43024
9;2023-01;0.6666666666666666;43024
10;2024-01;0.6666666666666666;43024
0;2014-01;1.0;17006
1;2015-01;1.0;17006
2;2016-01;1.0;17006
3;2017-01;0.9166666666666666;17006
4;2018-01;0.8333333333333333;17006
5;2019-01;0.8;17006
6;2020-01;0.8666666666666666;17006
7;2021-01;0.8666666666666666;17006
8;2022-01;0.8;17006
9;2023-01;0.9333333333333332;17006
10;2024-01;0.9333333333333332;17006
0;2014-01;0.8333333333333333;52002
1;2015-01;0.8333333333333333;52002
2;2016-01;0.8333333333333333;52002
3;2017-01;0.8333333333333333;52002
4;2018-01;0.8333333333333333;52002
5;2019-01;0.8333333333333333;52002
6;2020-01;0.7777777777777778;52002
7;2021-01;0.7777777777777778;52002
8;2022-01;0.7777777777777778;52002
9;2023-01;1.0;52002
10;2024-01;1.0;52002
0;2018-01;1.0;52017
1;2019-01;1.0;52017
2;2020-01;1.0;52017
3;2021-01;1.0;52017
4;2022-01;1.0;52017
5;2023-01;1.0;52017
6;2024-01;1.0;52017
0;2014-01;0.9285714285714285;31060
1;2015-01;0.9285714285714286;31060
2;2016-01;0.8809523809523809;31060
3;2017-01;0.8095238095238094;31060
4;2018-01;0.8214285714285714;31060
5;2019-01;1.0;31060
6;2020-01;0.9333333333333332;31060
7;2021-01;0.9333333333333332;31060
8;2022-01;0.9333333333333332;31060
9;2023-01;0.9333333333333332;31060
10;2024-01;0.8666666666666666;31060
0;2014-01;0.5;31048
1;2015-01;0.5;31048
2;2016-01;0.5;31048
3;2017-01;0.5;31048
4;2018-01;0.5;31048
5;2019-01;0.5;31048
6;2020-01;;31048
7;2021-01;;31048
8;2022-01;;31048
9;2023-01;;31048
10;2024-01;1.0;31048
0;2014-01;0.7904761904761906;51002
1;2015-01;0.8;51002
2;2016-01;0.7619047619047619;51002
3;2017-01;0.7976190476190476;51002
4;2018-01;0.75;51002
5;2019-01;0.8;51002
6;2020-01;0.7291666666666666;51002
7;2021-01;0.7708333333333333;51002
8;2022-01;0.8125;51002
9;2023-01;0.95;51002
10;2024-01;0.9;51002
0;2014-01;;51013
1;2015-01;;51013
2;2016-01;;51013
3;2017-01;1.0;51013
4;2018-01;1.0;51013
5;2019-01;1.0;51013
6;2020-01;1.0;51013
7;2021-01;0.8333333333333333;51013
8;2022-01;0.7777777777777777;51013
9;2023-01;0.8333333333333333;51013
10;2024-01;0.75;51013
0;2014-01;0.75;26004
1;2015-01;0.8125;26004
2;2016-01;0.7916666666666666;26004
3;2017-01;0.7777777777777778;26004
4;2018-01;1.0;26004
5;2019-01;1.0;26004
6;2020-01;1.0;26004
7;2021-01;1.0;26004
8;2022-01;1.0;26004
9;2023-01;1.0;26004
10;2024-01;1.0;26004
0;2014-01;;26005
1;2015-01;;26005
2;2016-01;;26005
3;2017-01;;26005
4;2018-01;;26005
5;2019-01;;26005
6;2020-01;;26005
7;2021-01;;26005
8;2022-01;;26005
9;2023-01;;26005
10;2024-01;;26005
0;2014-01;1.0;41016
1;2015-01;1.0;41016
2;2016-01;1.0;41016
3;2017-01;1.0;41016
4;2018-01;1.0;41016
5;2019-01;0.875;41016
6;2020-01;0.9;41016
7;2021-01;1.0;41016
8;2022-01;0.975;41016
9;2023-01;0.975;41016
10;2024-01;0.9083333333333332;41016
0;2014-01;1.0;41009
1;2015-01;1.0;41009
2;2016-01;1.0;41009
3;2017-01;1.0;41009
4;2018-01;1.0;41009
5;2019-01;1.0;41009
6;2020-01;1.0;41009
7;2021-01;1.0;41009
8;2022-01;0.8666666666666666;41009
9;2023-01;0.8333333333333333;41009
10;2024-01;0.7666666666666666;41009
0;2024-01;1.0;41021
0;2014-01;1.0;33002
1;2015-01;1.0;33002
2;2016-01;1.0;33002
3;2017-01;1.0;33002
4;2018-01;1.0;33002
5;2019-01;1.0;33002
6;2020-01;1.0;33002
7;2021-01;1.0;33002
8;2022-01;1.0;33002
9;2023-01;1.0;33002
10;2024-01;1.0;33002
0;2014-01;0.9852941176470589;33008
1;2015-01;0.8480392156862745;33008
2;2016-01;0.7666666666666666;33008
3;2017-01;0.7166666666666667;33008
4;2018-01;0.85;33008
5;2019-01;0.8;33008
6;2020-01;0.9;33008
7;2021-01;0.9;33008
8;2022-01;0.9333333333333332;33008
9;2023-01;0.9333333333333332;33008
10;2024-01;0.8933333333333333;33008
0;2014-01;0.6151370822397647;33005
1;2015-01;0.6273101778050497;33005
2;2016-01;0.5948511945060938;33005
3;2017-01;0.6605488535402062;33005
4;2018-01;0.6564955630825173;33005
5;2019-01;0.6447667446979854;33005
6;2020-01;0.6353459103209851;33005
7;2021-01;0.7285705309235782;33005
8;2022-01;0.7254043708425245;33005
9;2023-01;0.6904484999914138;33005
10;2024-01;0.6817692502532928;33005
0;2014-01;0.7916666666666666;33006
1;2015-01;0.7833333333333333;33006
2;2016-01;0.6933333333333334;33006
3;2017-01;0.76;33006
4;2018-01;0.6933333333333334;33006
5;2019-01;0.735897435897436;33006
6;2020-01;0.5107808857808858;33006
7;2021-01;0.8004662004662005;33006
8;2022-01;0.5733100233100233;33006
9;2023-01;0.39226107226107226;33006
10;2024-01;0.5183349983349983;33006
0;2014-01;1.0;33003
1;2015-01;0.625;33003
2;2016-01;0.75;33003
3;2017-01;0.8125;33003
4;2018-01;0.75;33003
5;2019-01;0.8125;33003
6;2020-01;0.875;33003
7;2021-01;0.875;33003
8;2022-01;0.875;33003
9;2023-01;0.9;33003
10;2024-01;0.875;33003
0;2014-01;0.7266666666666667;33004
1;2015-01;0.7666666666666667;33004
2;2016-01;0.75;33004
3;2017-01;0.6875;33004
4;2018-01;0.7291666666666666;33004
5;2019-01;0.8333333333333334;33004
6;2020-01;0.875;33004
7;2021-01;0.77;33004
8;2022-01;0.77;33004
9;2023-01;0.72;33004
10;2024-01;0.75;33004
0;2016-01;1.0;33007
1;2017-01;1.0;33007
2;2018-01;1.0;33007
3;2019-01;1.0;33007
4;2020-01;1.0;33007
5;2021-01;0.875;33007
6;2022-01;0.9166666666666666;33007
7;2023-01;0.9166666666666666;33007
8;2024-01;0.9375;33007
0;2020-01;1.0;33001
1;2021-01;1.0;33001
2;2022-01;1.0;33001
3;2023-01;1.0;33001
4;2024-01;1.0;33001
0;2014-01;0.6555555555555556;33009
1;2015-01;0.8194444444444444;33009
2;2016-01;0.8888888888888888;33009
3;2017-01;0.6018518518518519;33009
4;2018-01;0.6111111111111112;33009
5;2019-01;0.6583333333333333;33009
6;2020-01;0.5041666666666667;33009
7;2021-01;0.6033333333333333;33009
8;2022-01;0.5161904761904762;33009
9;2023-01;0.6328571428571429;33009
10;2024-01;0.623968253968254;33009
0;2014-01;0.75;29022
1;2015-01;0.75;29022
2;2016-01;0.75;29022
3;2017-01;0.75;29022
4;2018-01;0.75;29022
5;2019-01;0.75;29022
6;2020-01;0.8333333333333334;29022
7;2021-01;0.8333333333333334;29022
8;2022-01;0.875;29022
9;2023-01;0.9;29022
10;2024-01;0.8;29022
0;2019-01;1.0;23020
1;2020-01;1.0;23020
2;2021-01;1.0;23020
3;2022-01;1.0;23020
4;2023-01;1.0;23020
5;2024-01;1.0;23020
0;2014-01;0.8422430510665805;53001
1;2015-01;0.8499806076276665;53001
2;2016-01;0.7012281835811247;53001
3;2017-01;0.6519909502262443;53001
4;2018-01;0.7662393162393162;53001
5;2019-01;0.8055555555555556;53001
6;2020-01;0.8318253968253968;53001
7;2021-01;0.8253968253968254;53001
8;2022-01;0.8555555555555555;53001
9;2023-01;0.7924603174603174;53001
10;2024-01;0.7697619047619048;53001
0;2014-01;1.0;21005
1;2015-01;1.0;21005
2;2016-01;1.0;21005
3;2017-01;;21005
4;2018-01;;21005
5;2019-01;0.6666666666666666;21005
6;2020-01;1.0;21005
7;2021-01;0.7777777777777778;21005
8;2022-01;1.0;21005
9;2023-01;1.0;21005
10;2024-01;0.75;21005
0;2014-01;0.8888888888888888;21008
1;2015-01;0.9166666666666666;21008
2;2016-01;0.9166666666666666;21008
3;2017-01;0.8333333333333333;21008
4;2018-01;0.8333333333333333;21008
5;2019-01;0.8333333333333333;21008
6;2020-01;0.8333333333333333;21008
7;2021-01;0.7083333333333333;21008
8;2022-01;0.7916666666666666;21008
9;2023-01;0.7916666666666666;21008
10;2024-01;0.8333333333333334;21008
0;2018-01;1.0;31019
1;2019-01;1.0;31019
2;2020-01;0.9166666666666667;31019
3;2021-01;0.9444444444444445;31019
4;2022-01;0.9583333333333334;31019
5;2023-01;0.5555555555555556;31019
6;2024-01;0.8333333333333334;31019
0;2018-01;1.0;31032
1;2019-01;0.5;31032
2;2020-01;0.75;31032
3;2021-01;0.75;31032
4;2022-01;0.75;31032
5;2023-01;0.75;31032
6;2024-01;0.8125;31032
0;2024-01;1.0;31058
0;2014-01;1.0;51011
1;2015-01;1.0;51011
2;2016-01;1.0;51011
3;2017-01;1.0;51011
4;2018-01;1.0;51011
5;2019-01;1.0;51011
6;2020-01;1.0;51011
7;2021-01;1.0;51011
8;2022-01;1.0;51011
9;2023-01;1.0;51011
10;2024-01;1.0;51011
0;2023-01;1.0;51004
1;2024-01;1.0;51004
0;2021-01;1.0;51007
1;2022-01;1.0;51007
2;2023-01;1.0;51007
3;2024-01;1.0;51007
0;2014-01;;15001
1;2015-01;;15001
2;2016-01;;15001
3;2017-01;;15001
4;2018-01;;15001
5;2019-01;;15001
6;2020-01;;15001
7;2021-01;;15001
8;2022-01;;15001
9;2023-01;;15001
10;2024-01;;15001
0;2014-01;1.0;41012
1;2015-01;1.0;41012
2;2016-01;1.0;41012
3;2017-01;1.0;41012
4;2018-01;1.0;41012
5;2019-01;1.0;41012
6;2020-01;1.0;41012
7;2021-01;1.0;41012
8;2022-01;1.0;41012
9;2023-01;0.9;41012
10;2024-01;0.86;41012
0;2023-01;1.0;11001
1;2024-01;1.0;11001
0;2014-01;1.0;35162
1;2015-01;1.0;35162
2;2016-01;1.0;35162
3;2017-01;1.0;35162
4;2018-01;1.0;35162
5;2019-01;1.0;35162
6;2020-01;1.0;35162
7;2021-01;1.0;35162
8;2022-01;1.0;35162
9;2023-01;1.0;35162
10;2024-01;1.0;35162
0;2014-01;0.3333333333333333;35094
1;2015-01;0.3333333333333333;35094
2;2016-01;0.3333333333333333;35094
3;2017-01;0.6666666666666666;35094
4;2018-01;1.0;35094
5;2019-01;1.0;35094
6;2020-01;0.8888888888888888;35094
7;2021-01;0.8333333333333333;35094
8;2022-01;0.8333333333333333;35094
9;2023-01;0.8333333333333333;35094
10;2024-01;0.8333333333333333;35094
0;2014-01;0.95;35063
1;2015-01;0.7933333333333333;35063
2;2016-01;0.8333333333333333;35063
3;2017-01;0.9166666666666666;35063
4;2018-01;0.9209401709401709;35063
5;2019-01;0.8952991452991453;35063
6;2020-01;0.8830128205128205;35063
7;2021-01;0.8910256410256411;35063
8;2022-01;0.7910256410256411;35063
9;2023-01;0.7923076923076924;35063
10;2024-01;0.875;35063
0;2014-01;1.0;35143
1;2015-01;1.0;35143
2;2016-01;1.0;35143
3;2017-01;1.0;35143
4;2018-01;1.0;35143
5;2019-01;1.0;35143
6;2020-01;1.0;35143
7;2021-01;1.0;35143
8;2022-01;1.0;35143
9;2023-01;1.0;35143
10;2024-01;1.0;35143
0;2019-01;1.0;35065
1;2020-01;1.0;35065
2;2021-01;1.0;35065
3;2022-01;1.0;35065
4;2023-01;1.0;35065
5;2024-01;1.0;35065
0;2021-01;;35082
1;2022-01;;35082
2;2023-01;;35082
3;2024-01;;35082
0;2014-01;1.0;35102
1;2015-01;1.0;35102
2;2016-01;1.0;35102
3;2017-01;1.0;35102
4;2018-01;1.0;35102
5;2019-01;1.0;35102
6;2020-01;0.8333333333333334;35102
7;2021-01;0.8333333333333334;35102
8;2022-01;0.8333333333333334;35102
9;2023-01;0.875;35102
10;2024-01;1.0;35102
0;2014-01;0.8166666666666667;35104
1;2015-01;0.8533333333333333;35104
2;2016-01;0.8333333333333334;35104
3;2017-01;0.7;35104
4;2018-01;0.8333333333333333;35104
5;2019-01;0.8333333333333333;35104
6;2020-01;0.8333333333333333;35104
7;2021-01;0.8333333333333333;35104
8;2022-01;0.8333333333333333;35104
9;2023-01;0.8333333333333333;35104
10;2024-01;0.7777777777777778;35104
0;2015-01;1.0;35033
1;2016-01;1.0;35033
2;2017-01;1.0;35033
3;2018-01;1.0;35033
4;2019-01;1.0;35033
5;2020-01;1.0;35033
6;2021-01;1.0;35033
7;2022-01;1.0;35033
8;2023-01;1.0;35033
9;2024-01;1.0;35033
0;2014-01;0.9857142857142858;35174
1;2015-01;0.75;35174
2;2016-01;0.75;35174
3;2017-01;0.85;35174
4;2018-01;0.85;35174
5;2019-01;0.9;35174
6;2020-01;0.9;35174
7;2021-01;0.9;35174
8;2022-01;0.9333333333333332;35174
9;2023-01;0.9333333333333332;35174
10;2024-01;0.9333333333333332;35174
0;2014-01;1.0;35095
1;2015-01;;35095
2;2016-01;;35095
3;2017-01;;35095
4;2018-01;1.0;35095
5;2019-01;1.0;35095
6;2020-01;1.0;35095
7;2021-01;1.0;35095
8;2022-01;1.0;35095
9;2023-01;;35095
10;2024-01;1.0;35095
0;2014-01;1.0;35173
1;2015-01;1.0;35173
2;2016-01;1.0;35173
3;2017-01;0.6666666666666666;35173
4;2018-01;0.8333333333333333;35173
5;2019-01;0.8888888888888888;35173
6;2020-01;0.7916666666666666;35173
7;2021-01;0.875;35173
8;2022-01;0.9;35173
9;2023-01;0.9;35173
10;2024-01;0.86;35173
0;2021-01;1.0;35083
1;2022-01;1.0;35083
2;2023-01;;35083
3;2024-01;;35083
0;2014-01;0.9166666666666666;16001
1;2015-01;0.9333333333333333;16001
2;2016-01;1.0;16001
3;2017-01;0.86;16001
4;2018-01;0.775;16001
5;2019-01;0.82;16001
6;2020-01;0.9;16001
7;2021-01;0.9;16001
8;2022-01;0.8666666666666667;16001
9;2023-01;1.0;16001
10;2024-01;1.0;16001
0;2022-01;1.0;23019
1;2023-01;1.0;23019
2;2024-01;1.0;23019
0;2022-01;1.0;31010
1;2023-01;1.0;31010
2;2024-01;1.0;31010
0;2014-01;0.8666666666666666;31045
1;2015-01;0.8666666666666666;31045
2;2016-01;0.9;31045
3;2017-01;0.9;31045
4;2018-01;0.9;31045
5;2019-01;0.9;31045
6;2020-01;0.9;31045
7;2021-01;0.9;31045
8;2022-01;1.0;31045
9;2023-01;0.9333333333333332;31045
10;2024-01;0.9333333333333332;31045
0;2014-01;0.8333333333333333;31012
1;2015-01;0.8333333333333333;31012
2;2016-01;0.8333333333333334;31012
3;2017-01;0.8666666666666666;31012
4;2018-01;0.8666666666666666;31012
5;2019-01;0.8666666666666666;31012
6;2020-01;0.9;31012
7;2021-01;0.8;31012
8;2022-01;0.8;31012
9;2023-01;0.8;31012
10;2024-01;0.8;31012
0;2014-01;1.0;31008
1;2015-01;1.0;31008
2;2016-01;1.0;31008
3;2017-01;1.0;31008
4;2018-01;1.0;31008
5;2019-01;1.0;31008
6;2020-01;1.0;31008
7;2021-01;1.0;31008
8;2022-01;1.0;31008
9;2023-01;1.0;31008
10;2024-01;1.0;31008
0;2022-01;1.0;31070
1;2023-01;1.0;31070
2;2024-01;1.0;31070
0;2014-01;0.3333333333333333;31035
1;2015-01;0.3333333333333333;31035
2;2016-01;0.3333333333333333;31035
3;2017-01;0.6666666666666666;31035
4;2018-01;0.6666666666666666;31035
5;2019-01;0.6666666666666666;31035
6;2020-01;0.6666666666666666;31035
7;2021-01;0.6666666666666666;31035
8;2022-01;0.6666666666666666;31035
9;2023-01;0.7777777777777778;31035
10;2024-01;0.38888888888888884;31035
0;2015-01;1.0;26002
1;2016-01;0.75;26002
2;2017-01;0.75;26002
3;2018-01;0.875;26002
4;2019-01;0.875;26002
5;2020-01;0.9166666666666666;26002
6;2021-01;0.8541666666666666;26002
7;2022-01;0.8833333333333332;26002
8;2023-01;0.9333333333333332;26002
9;2024-01;1.0;26002
0;2023-01;1.0;41013
1;2024-01;1.0;41013
0;2014-01;0.75;24002
1;2015-01;0.625;24002
2;2016-01;0.65;24002
3;2017-01;0.6;24002
4;2018-01;0.625;24002
5;2019-01;0.625;24002
6;2020-01;0.7;24002
7;2021-01;0.7;24002
8;2022-01;0.7;24002
9;2023-01;0.8;24002
10;2024-01;0.8;24002
0;2016-01;1.0;17001
1;2017-01;1.0;17001
2;2018-01;1.0;17001
3;2019-01;1.0;17001
4;2020-01;1.0;17001
5;2021-01;1.0;17001
6;2022-01;1.0;17001
7;2023-01;1.0;17001
8;2024-01;0.9;17001
0;2014-01;;27005
1;2015-01;;27005
2;2016-01;;27005
3;2017-01;;27005
4;2018-01;;27005
5;2019-01;;27005
6;2020-01;;27005
7;2021-01;;27005
8;2022-01;;27005
9;2023-01;;27005
10;2024-01;;27005
0;2014-01;1.0;21017
1;2015-01;;21017
2;2016-01;;21017
3;2017-01;;21017
4;2018-01;;21017
5;2019-01;;21017
6;2020-01;;21017
7;2021-01;;21017
8;2022-01;;21017
9;2023-01;;21017
10;2024-01;;21017
0;2014-01;0.75;51014
1;2015-01;0.8333333333333334;51014
2;2016-01;0.875;51014
3;2017-01;0.8333333333333334;51014
4;2018-01;0.875;51014
5;2019-01;0.875;51014
6;2020-01;0.75;51014
7;2021-01;0.875;51014
8;2022-01;0.9166666666666666;51014
9;2023-01;0.9166666666666666;51014
10;2024-01;0.8933333333333333;51014
0;2014-01;1.0;11003
1;2015-01;1.0;11003
2;2016-01;1.0;11003
3;2017-01;1.0;11003
4;2018-01;1.0;11003
5;2019-01;1.0;11003
6;2020-01;1.0;11003
7;2021-01;1.0;11003
8;2022-01;0.75;11003
9;2023-01;0.8333333333333334;11003
10;2024-01;0.8333333333333334;11003
0;2021-01;1.0;42014
1;2022-01;1.0;42014
2;2023-01;1.0;42014
3;2024-01;0.75;42014
0;2017-01;1.0;17005
1;2018-01;1.0;17005
2;2019-01;1.0;17005
3;2020-01;1.0;17005
4;2021-01;1.0;17005
5;2022-01;1.0;17005
6;2023-01;1.0;17005
7;2024-01;0.5;17005
0;2019-01;;23006
1;2020-01;;23006
2;2021-01;;23006
3;2022-01;;23006
4;2023-01;;23006
5;2024-01;;23006
0;2014-01;1.0;21004
1;2015-01;;21004
2;2016-01;;21004
3;2017-01;;21004
4;2018-01;;21004
5;2019-01;;21004
6;2020-01;;21004
7;2021-01;;21004
8;2022-01;;21004
9;2023-01;;21004
10;2024-01;;21004
0;2021-01;1.0;29002
1;2022-01;0.6666666666666666;29002
2;2023-01;0.8333333333333333;29002
3;2024-01;0.8888888888888888;29002
0;2023-01;1.0;52013
1;2024-01;1.0;52013
0;2014-01;0.5;43030
1;2015-01;0.5;43030
2;2016-01;0.5;43030
3;2017-01;0.75;43030
4;2018-01;0.75;43030
5;2019-01;0.75;43030
6;2020-01;0.75;43030
7;2021-01;0.75;43030
8;2022-01;0.8333333333333334;43030
9;2023-01;0.75;43030
10;2024-01;;43030
0;2014-01;1.0;42015
1;2015-01;1.0;42015
2;2016-01;1.0;42015
3;2017-01;1.0;42015
4;2018-01;1.0;42015
5;2019-01;0.8888888888888888;42015
6;2020-01;0.8888888888888888;42015
7;2021-01;0.7777777777777777;42015
8;2022-01;0.7777777777777777;42015
9;2023-01;0.8333333333333333;42015
10;2024-01;0.8666666666666666;42015
0;2014-01;1.0;35153
1;2015-01;1.0;35153
2;2016-01;0.7037037037037037;35153
3;2017-01;0.9259259259259259;35153
4;2018-01;0.7777777777777778;35153
5;2019-01;0.9166666666666666;35153
6;2020-01;0.8888888888888888;35153
7;2021-01;0.75;35153
8;2022-01;0.8888888888888888;35153
9;2023-01;0.6944444444444443;35153
10;2024-01;0.7208333333333333;35153
0;2014-01;1.0;35154
1;2015-01;;35154
2;2016-01;1.0;35154
3;2017-01;1.0;35154
4;2018-01;;35154
5;2019-01;1.0;35154
6;2020-01;1.0;35154
7;2021-01;1.0;35154
8;2022-01;1.0;35154
9;2023-01;1.0;35154
10;2024-01;1.0;35154
0;2018-01;1.0;31073
1;2019-01;1.0;31073
2;2020-01;;31073
3;2021-01;;31073
4;2022-01;1.0;31073
5;2023-01;1.0;31073
6;2024-01;1.0;31073
0;2018-01;1.0;31030
1;2019-01;1.0;31030
2;2020-01;1.0;31030
3;2021-01;1.0;31030
4;2022-01;1.0;31030
5;2023-01;1.0;31030
6;2024-01;1.0;31030
0;2014-01;1.0;31034
1;2015-01;1.0;31034
2;2016-01;1.0;31034
3;2017-01;1.0;31034
4;2018-01;1.0;31034
5;2019-01;1.0;31034
6;2020-01;1.0;31034
7;2021-01;1.0;31034
8;2022-01;1.0;31034
9;2023-01;1.0;31034
10;2024-01;1.0;31034
0;2014-01;1.0;31079
1;2015-01;1.0;31079
2;2016-01;1.0;31079
3;2017-01;1.0;31079
4;2018-01;1.0;31079
5;2019-01;1.0;31079
6;2020-01;1.0;31079
7;2021-01;1.0;31079
8;2022-01;1.0;31079
9;2023-01;1.0;31079
10;2024-01;1.0;31079
0;2024-01;1.0;31042
0;2014-01;1.0;31074
1;2015-01;1.0;31074
2;2016-01;1.0;31074
3;2017-01;1.0;31074
4;2018-01;1.0;31074
5;2019-01;1.0;31074
6;2020-01;1.0;31074
7;2021-01;1.0;31074
8;2022-01;1.0;31074
9;2023-01;1.0;31074
10;2024-01;0.75;31074
0;2014-01;1.0;31061
1;2015-01;1.0;31061
2;2016-01;1.0;31061
3;2017-01;1.0;31061
4;2018-01;1.0;31061
5;2019-01;1.0;31061
6;2020-01;1.0;31061
7;2021-01;1.0;31061
8;2022-01;1.0;31061
9;2023-01;1.0;31061
10;2024-01;1.0;31061
0;2024-01;1.0;51005
0;2014-01;;50002
1;2015-01;;50002
2;2016-01;1.0;50002
3;2017-01;1.0;50002
4;2018-01;0.25;50002
5;2019-01;1.0;50002
6;2020-01;1.0;50002
7;2021-01;1.0;50002
8;2022-01;1.0;50002
9;2023-01;1.0;50002
10;2024-01;1.0;50002
0;2014-01;1.0;29018
1;2015-01;1.0;29018
2;2016-01;1.0;29018
3;2017-01;1.0;29018
4;2018-01;1.0;29018
5;2019-01;;29018
6;2020-01;1.0;29018
7;2021-01;1.0;29018
8;2022-01;1.0;29018
9;2023-01;;29018
10;2024-01;;29018
0;2023-01;1.0;41004
1;2024-01;1.0;41004
0;2018-01;1.0;12003
1;2019-01;1.0;12003
2;2020-01;;12003
3;2021-01;;12003
4;2022-01;;12003
5;2023-01;;12003
6;2024-01;;12003
0;2014-01;1.0;43018
1;2015-01;;43018
2;2016-01;;43018
3;2017-01;;43018
4;2018-01;;43018
5;2019-01;;43018
6;2020-01;;43018
7;2021-01;;43018
8;2022-01;1.0;43018
9;2023-01;1.0;43018
10;2024-01;1.0;43018
0;2014-01;;52018
1;2015-01;;52018
2;2016-01;;52018
3;2017-01;0.5;52018
4;2018-01;0.5;52018
5;2019-01;0.5;52018
6;2020-01;0.5;52018
7;2021-01;0.5;52018
8;2022-01;0.5;52018
9;2023-01;0.5;52018
10;2024-01;0.5;52018
0;2021-01;;52014
1;2022-01;;52014
2;2023-01;;52014
3;2024-01;0.5;52014
0;2021-01;1.0;29017
1;2022-01;0.8333333333333333;29017
2;2023-01;0.6666666666666666;29017
3;2024-01;0.8333333333333333;29017
0;2022-01;1.0;23012
1;2023-01;1.0;23012
2;2024-01;1.0;23012
0;2014-01;1.0;23015
1;2015-01;1.0;23015
2;2016-01;;23015
3;2017-01;;23015
4;2018-01;;23015
5;2019-01;;23015
6;2020-01;;23015
7;2021-01;;23015
8;2022-01;;23015
9;2023-01;;23015
10;2024-01;;23015
0;2024-01;1.0;11006
0;2024-01;1.0;43019
0;2020-01;1.0;35111
1;2021-01;1.0;35111
2;2022-01;1.0;35111
3;2023-01;1.0;35111
4;2024-01;1.0;35111
0;2017-01;1.0;35052
1;2018-01;1.0;35052
2;2019-01;1.0;35052
3;2020-01;1.0;35052
4;2021-01;1.0;35052
5;2022-01;1.0;35052
6;2023-01;1.0;35052
7;2024-01;;35052
0;2022-01;1.0;52003
1;2023-01;1.0;52003
2;2024-01;;52003
0;2014-01;;25010
1;2015-01;;25010
2;2016-01;;25010
3;2017-01;;25010
4;2018-01;;25010
5;2019-01;1.0;25010
6;2020-01;1.0;25010
7;2021-01;1.0;25010
8;2022-01;1.0;25010
9;2023-01;1.0;25010
10;2024-01;1.0;25010
0;2014-01;;25013
1;2015-01;1.0;25013
2;2016-01;1.0;25013
3;2017-01;;25013
4;2018-01;;25013
5;2019-01;;25013
6;2020-01;;25013
7;2021-01;;25013
8;2022-01;;25013
9;2023-01;;25013
10;2024-01;;25013
0;2024-01;1.0;51008
0;2014-01;;35115
1;2015-01;;35115
2;2016-01;;35115
3;2017-01;;35115
4;2018-01;;35115
5;2019-01;;35115
6;2020-01;;35115
7;2021-01;;35115
8;2022-01;;35115
9;2023-01;;35115
10;2024-01;;35115
0;2014-01;;17002
1;2015-01;;17002
2;2016-01;;17002
3;2017-01;;17002
4;2018-01;;17002
5;2019-01;;17002
6;2020-01;;17002
7;2021-01;;17002
8;2022-01;;17002
9;2023-01;;17002
10;2024-01;;17002
0;2024-01;1.0;51015
0;2022-01;1.0;31098
1;2023-01;1.0;31098
2;2024-01;1.0;31098
